apps/zcode-cli                           |  WARN  Unsupported engine: wanted: {"node":"24.14.0"} (current: {"node":"v24.21.0","pnpm":"10.33.2"})
vite v8.0.8 building client environment for production...
[2Ktransforming...✓ 7975 modules transformed.
rendering chunks...
computing gzip size...
dist/pdfjs/cmaps/CNS2-V.bcmap                                    0.09 kB
dist/pdfjs/cmaps/Roman.bcmap                                     0.09 kB
dist/pdfjs/cmaps/Katakana.bcmap                                  0.10 kB
dist/pdfjs/cmaps/ETenms-B5-H.bcmap                               0.10 kB
dist/pdfjs/cmaps/UniJIS-UCS2-HW-H.bcmap                          0.11 kB
dist/pdfjs/cmaps/Hiragana.bcmap                                  0.12 kB
dist/pdfjs/cmaps/Hankaku.bcmap                                   0.13 kB
dist/pdfjs/cmaps/B5-V.bcmap                                      0.14 kB
dist/pdfjs/cmaps/CNS1-V.bcmap                                    0.14 kB
dist/pdfjs/cmaps/B5pc-V.bcmap                                    0.14 kB
dist/pdfjs/cmaps/HKdla-B5-V.bcmap                                0.14 kB
dist/pdfjs/cmaps/HKdlb-B5-V.bcmap                                0.14 kB
dist/pdfjs/cmaps/HKgccs-B5-V.bcmap                               0.14 kB
dist/pdfjs/cmaps/HKm314-B5-V.bcmap                               0.14 kB
dist/pdfjs/cmaps/HKm471-B5-V.bcmap                               0.14 kB
dist/pdfjs/cmaps/UniCNS-UCS2-V.bcmap                             0.15 kB
dist/pdfjs/cmaps/UniCNS-UTF16-V.bcmap                            0.15 kB
dist/pdfjs/cmaps/UniCNS-UTF8-V.bcmap                             0.15 kB
dist/pdfjs/cmaps/ETHK-B5-V.bcmap                                 0.15 kB
dist/pdfjs/cmaps/ETen-B5-V.bcmap                                 0.15 kB
dist/pdfjs/cmaps/HKscs-B5-V.bcmap                                0.15 kB
dist/pdfjs/cmaps/KSC-V.bcmap                                     0.16 kB
dist/pdfjs/cmaps/UniCNS-UTF32-V.bcmap                            0.16 kB
dist/pdfjs/cmaps/KSC-EUC-V.bcmap                                 0.16 kB
dist/pdfjs/cmaps/UniKS-UTF16-V.bcmap                             0.16 kB
dist/pdfjs/cmaps/KSC-Johab-V.bcmap                               0.16 kB
dist/pdfjs/cmaps/KSCms-UHC-V.bcmap                               0.16 kB
dist/pdfjs/cmaps/KSCpc-EUC-V.bcmap                               0.16 kB
dist/pdfjs/cmaps/V.bcmap                                         0.16 kB
dist/pdfjs/cmaps/UniKS-UTF32-V.bcmap                             0.16 kB
dist/pdfjs/cmaps/78-V.bcmap                                      0.16 kB
dist/pdfjs/cmaps/KSCms-UHC-HW-V.bcmap                            0.16 kB
dist/pdfjs/cmaps/UniKS-UTF8-V.bcmap                              0.16 kB
dist/pdfjs/cmaps/EUC-V.bcmap                                     0.17 kB
dist/pdfjs/cmaps/RKSJ-V.bcmap                                    0.17 kB
dist/pdfjs/cmaps/ETenms-B5-V.bcmap                               0.17 kB
dist/pdfjs/cmaps/78-EUC-V.bcmap                                  0.17 kB
dist/pdfjs/cmaps/78-RKSJ-V.bcmap                                 0.17 kB
dist/pdfjs/cmaps/GB-V.bcmap                                      0.17 kB
dist/pdfjs/cmaps/GBT-V.bcmap                                     0.17 kB
dist/pdfjs/cmaps/UniGB-UTF16-V.bcmap                             0.17 kB
dist/pdfjs/cmaps/UniKS-UCS2-V.bcmap                              0.17 kB
dist/pdfjs/cmaps/GB-EUC-V.bcmap                                  0.17 kB
dist/pdfjs/cmaps/WP-Symbol.bcmap                                 0.17 kB
dist/pdfjs/cmaps/GBK-EUC-V.bcmap                                 0.18 kB
dist/pdfjs/cmaps/GBT-EUC-V.bcmap                                 0.18 kB
dist/pdfjs/cmaps/GBKp-EUC-V.bcmap                                0.18 kB
dist/pdfjs/cmaps/GBpc-EUC-V.bcmap                                0.18 kB
dist/pdfjs/cmaps/UniGB-UTF8-V.bcmap                              0.18 kB
dist/pdfjs/cmaps/GBTpc-EUC-V.bcmap                               0.18 kB
dist/pdfjs/cmaps/UniGB-UTF32-V.bcmap                             0.18 kB
dist/pdfjs/cmaps/UniGB-UCS2-V.bcmap                              0.19 kB
dist/pdfjs/cmaps/Ext-V.bcmap                                     0.21 kB
dist/pdfjs/cmaps/Adobe-GB1-0.bcmap                               0.21 kB
dist/pdfjs/cmaps/Ext-RKSJ-V.bcmap                                0.21 kB
dist/pdfjs/cmaps/GBK2K-V.bcmap                                   0.21 kB
dist/pdfjs/cmaps/Adobe-Japan1-0.bcmap                            0.22 kB
dist/pdfjs/cmaps/Adobe-Japan1-1.bcmap                            0.22 kB
dist/pdfjs/cmaps/Adobe-Japan1-2.bcmap                            0.23 kB
dist/pdfjs/cmaps/Adobe-Korea1-0.bcmap                            0.24 kB
dist/pdfjs/cmaps/Adobe-Japan1-3.bcmap                            0.24 kB
dist/pdfjs/cmaps/Adobe-GB1-1.bcmap                               0.25 kB
dist/pdfjs/cmaps/NWP-V.bcmap                                     0.25 kB
dist/pdfjs/cmaps/90pv-RKSJ-V.bcmap                               0.26 kB
dist/pdfjs/cmaps/Add-V.bcmap                                     0.28 kB
dist/pdfjs/cmaps/Add-RKSJ-V.bcmap                                0.28 kB
dist/pdfjs/cmaps/78ms-RKSJ-V.bcmap                               0.29 kB
dist/pdfjs/cmaps/90ms-RKSJ-V.bcmap                               0.29 kB
dist/pdfjs/cmaps/90msp-RKSJ-V.bcmap                              0.29 kB
dist/pdfjs/cmaps/Adobe-CNS1-0.bcmap                              0.31 kB
dist/pdfjs/cmaps/Adobe-Japan1-4.bcmap                            0.33 kB
dist/pdfjs/cmaps/Adobe-CNS1-1.bcmap                              0.37 kB
dist/pdfjs/cmaps/Adobe-CNS1-2.bcmap                              0.37 kB
dist/pdfjs/cmaps/Adobe-Korea1-1.bcmap                            0.38 kB
dist/pdfjs/cmaps/Adobe-Korea1-2.bcmap                            0.39 kB
dist/pdfjs/cmaps/Adobe-CNS1-3.bcmap                              0.40 kB
dist/pdfjs/cmaps/Adobe-CNS1-4.bcmap                              0.40 kB
dist/pdfjs/cmaps/Adobe-CNS1-5.bcmap                              0.40 kB
dist/pdfjs/cmaps/Adobe-CNS1-6.bcmap                              0.40 kB
dist/pdfjs/cmaps/Adobe-Japan1-5.bcmap                            0.43 kB
dist/pdfjs/cmaps/Adobe-GB1-2.bcmap                               0.46 kB
dist/pdfjs/cmaps/Adobe-GB1-3.bcmap                               0.47 kB
dist/pdfjs/cmaps/Adobe-Japan1-6.bcmap                            0.48 kB
dist/pdfjs/cmaps/CNS2-H.bcmap                                    0.50 kB
dist/pdfjs/cmaps/GB-H.bcmap                                      0.52 kB
dist/pdfjs/cmaps/RKSJ-H.bcmap                                    0.53 kB
dist/pdfjs/cmaps/GB-EUC-H.bcmap                                  0.54 kB
dist/pdfjs/cmaps/H.bcmap                                         0.55 kB
dist/pdfjs/cmaps/GBpc-EUC-H.bcmap                                0.55 kB
dist/pdfjs/cmaps/EUC-H.bcmap                                     0.57 kB
dist/pdfjs/cmaps/Adobe-GB1-4.bcmap                               0.60 kB
dist/pdfjs/cmaps/Adobe-GB1-5.bcmap                               0.62 kB
dist/pdfjs/cmaps/UniJIS-UTF16-V.bcmap                            0.64 kB
dist/pdfjs/cmaps/UniJIS2004-UTF16-V.bcmap                        0.64 kB
dist/pdfjs/cmaps/UniJIS-UCS2-V.bcmap                             0.66 kB
dist/pdfjs/cmaps/UniJIS-UTF32-V.bcmap                            0.67 kB
dist/pdfjs/cmaps/UniJIS-UTF8-V.bcmap                             0.67 kB
dist/pdfjs/cmaps/UniJIS-UCS2-HW-V.bcmap                          0.68 kB
dist/pdfjs/cmaps/UniJIS2004-UTF32-V.bcmap                        0.68 kB
dist/pdfjs/cmaps/UniJIS2004-UTF8-V.bcmap                         0.68 kB
dist/pdfjs/cmaps/UniJISX0213-UTF32-V.bcmap                       0.68 kB
dist/pdfjs/cmaps/UniJISX02132004-UTF32-V.bcmap                   0.68 kB
dist/pdfjs/cmaps/UniJISPro-UCS2-V.bcmap                          0.68 kB
dist/pdfjs/cmaps/UniJISPro-UCS2-HW-V.bcmap                       0.70 kB
dist/pdfjs/cmaps/CNS1-H.bcmap                                    0.70 kB
dist/pdfjs/cmaps/90msp-RKSJ-H.bcmap                              0.71 kB
dist/pdfjs/cmaps/90ms-RKSJ-H.bcmap                               0.72 kB
dist/pdfjs/cmaps/UniJISPro-UTF8-V.bcmap                          0.72 kB
dist/pdfjs/cmaps/83pv-RKSJ-H.bcmap                               0.90 kB
dist/pdfjs/cmaps/90pv-RKSJ-H.bcmap                               0.98 kB
dist/pdfjs/cmaps/B5-H.bcmap                                      1.08 kB
dist/pdfjs/cmaps/B5pc-H.bcmap                                    1.09 kB
dist/pdfjs/cmaps/ETen-B5-H.bcmap                                 1.12 kB
dist/pdfjs/cmaps/HKm314-B5-H.bcmap                               1.77 kB
dist/pdfjs/cmaps/CNS-EUC-H.bcmap                                 1.78 kB
dist/pdfjs/cmaps/KSC-H.bcmap                                     1.83 kB
dist/pdfjs/cmaps/KSC-EUC-H.bcmap                                 1.84 kB
dist/pdfjs/cmaps/CNS-EUC-V.bcmap                                 1.92 kB
dist/pdfjs/cmaps/KSCpc-EUC-H.bcmap                               2.02 kB
dist/pdfjs/cmaps/HKm471-B5-H.bcmap                               2.17 kB
dist/pdfjs/cmaps/HKgccs-B5-H.bcmap                               2.29 kB
dist/pdfjs/cmaps/78-H.bcmap                                      2.37 kB
dist/pdfjs/cmaps/78-RKSJ-H.bcmap                                 2.39 kB
dist/pdfjs/cmaps/78-EUC-H.bcmap                                  2.40 kB
dist/pdfjs/cmaps/Add-RKSJ-H.bcmap                                2.41 kB
dist/pdfjs/cmaps/HKdlb-B5-H.bcmap                                2.41 kB
dist/pdfjs/cmaps/Add-H.bcmap                                     2.41 kB
dist/pdfjs/cmaps/Ext-H.bcmap                                     2.53 kB
dist/pdfjs/cmaps/Ext-RKSJ-H.bcmap                                2.54 kB
dist/pdfjs/cmaps/78ms-RKSJ-H.bcmap                               2.65 kB
dist/pdfjs/cmaps/HKdla-B5-H.bcmap                                2.65 kB
dist/assets/workspaceFileSearchFilter.worker-OQwPzeVM.js         2.65 kB
dist/pdfjs/cmaps/NWP-H.bcmap                                     2.76 kB
dist/pdfjs/cmaps/KSCms-UHC-H.bcmap                               2.78 kB
dist/pdfjs/cmaps/KSCms-UHC-HW-H.bcmap                            2.78 kB
dist/assets/KaTeX_Size3-Regular-CTq5MqoE.woff                    4.42 kB
dist/pdfjs/cmaps/ETHK-B5-H.bcmap                                 4.42 kB
dist/pdfjs/cmaps/HKscs-B5-H.bcmap                                4.43 kB
dist/assets/KaTeX_Size4-Regular-Dl5lxZxV.woff2                   4.92 kB
dist/assets/model-provider-moonshot-kimi-k9BDmLI_.png            4.99 kB
dist/assets/icon-discord@2x-D9OBPr5g.png                         5.18 kB
dist/assets/KaTeX_Size2-Regular-Dy4dx90m.woff2                   5.20 kB
dist/assets/KaTeX_Size1-Regular-mCD8mA8B.woff2                   5.46 kB
dist/assets/icon-dingding@2x-CnYjVOCa.png                        5.46 kB
dist/assets/KaTeX_Size4-Regular-BF-4gkZK.woff                    5.98 kB
dist/assets/KaTeX_Size2-Regular-oD1tc_U0.woff                    6.18 kB
dist/assets/KaTeX_Size1-Regular-C195tn64.woff                    6.49 kB
dist/assets/terminal-C6Bd1jeQ.png                                6.71 kB
dist/assets/KaTeX_Caligraphic-Regular-Di6jR-x-.woff2             6.90 kB
dist/assets/KaTeX_Caligraphic-Bold-Dq_IR9rO.woff2                6.91 kB
dist/assets/icon-wecom@2x-BZVgmBph.png                           7.18 kB
dist/pdfjs/cmaps/GBT-H.bcmap                                     7.26 kB
dist/pdfjs/cmaps/GBT-EUC-H.bcmap                                 7.29 kB
dist/pdfjs/cmaps/GBTpc-EUC-H.bcmap                               7.29 kB
dist/assets/image-search-DCThk39K.png                            7.51 kB
dist/assets/KaTeX_Size3-Regular-DgpXs0kz.ttf                     7.58 kB
dist/assets/KaTeX_Caligraphic-Regular-CTRA-rTL.woff              7.65 kB
dist/assets/KaTeX_Caligraphic-Bold-BEiXGLvX.woff                 7.71 kB
dist/assets/feishu-CCgK6olr.png                                  8.06 kB
dist/assets/model-provider-zai-app-CL3KEqFX.png                  8.78 kB
dist/assets/icon-weixin@2x-Bp9EqCCA.png                          9.06 kB
dist/assets/spreadsheets@2x-CabATt4c.png                         9.50 kB
dist/assets/spreadsheets-Dd4d3fMm.png                            9.50 kB
dist/assets/KaTeX_Script-Regular-D3wIWfF6.woff2                  9.64 kB
dist/assets/presentations-CuyJxtRR.png                           9.66 kB
dist/assets/documents@2x-CPhkfIfU.png                            9.71 kB
dist/assets/documents-DrPsuPJf.png                               9.74 kB
dist/assets/pdf@2x-CMAdO9B0.png                                  9.74 kB
dist/assets/icon-telegram@2x-Cax3aaF9.png                        9.75 kB
dist/assets/pdf-CQM2rvTK.png                                     9.81 kB
dist/assets/KaTeX_SansSerif-Regular-DDBCnlJ7.woff2              10.34 kB
dist/assets/KaTeX_Size4-Regular-DWFBv043.ttf                    10.36 kB
dist/assets/KaTeX_Script-Regular-D5yQViql.woff                  10.58 kB
dist/assets/KaTeX_Fraktur-Regular-CTYiF6lA.woff2                11.31 kB
dist/assets/KaTeX_Fraktur-Bold-CL6g_b3V.woff2                   11.34 kB
dist/assets/KaTeX_Size2-Regular-B7gKUWhC.ttf                    11.50 kB
dist/assets/task-notification-pop-qiQ1Ge3C.mp3                  11.81 kB
dist/assets/KaTeX_SansSerif-Italic-C3H0VqGB.woff2               12.02 kB
dist/assets/KaTeX_SansSerif-Bold-D1sUS0GD.woff2                 12.21 kB
dist/assets/KaTeX_Size1-Regular-Dbsnue_I.ttf                    12.22 kB
dist/assets/KaTeX_SansSerif-Regular-CS6fqUqJ.woff               12.31 kB
dist/assets/KaTeX_Caligraphic-Regular-wX97UBjC.ttf              12.34 kB
dist/assets/KaTeX_Caligraphic-Bold-ATXxdsX0.ttf                 12.36 kB
dist/assets/finder-B1T_P_VR.png                                 12.67 kB
dist/assets/KaTeX_Fraktur-Regular-Dxdc4cR9.woff                 13.20 kB
dist/assets/KaTeX_Fraktur-Bold-BsDP51OF.woff                    13.29 kB
dist/assets/KaTeX_Typewriter-Regular-CO6r4hn1.woff2             13.56 kB
dist/assets/plugin-creator-Bb4PHfyz.png                         13.65 kB
dist/assets/KaTeX_SansSerif-Italic-DN2j7dab.woff                14.11 kB
dist/assets/KaTeX_SansSerif-Bold-DbIhKOiC.woff                  14.40 kB
dist/pdfjs/cmaps/GBKp-EUC-H.bcmap                               14.68 kB
dist/pdfjs/cmaps/GBK-EUC-H.bcmap                                14.69 kB
dist/assets/docx-import-worker-P8QGsCsG.js                      14.79 kB
dist/index.html                                                 15.15 kB │ gzip:     6.06 kB
dist/assets/KaTeX_Typewriter-Regular-C0xS9mPB.woff              16.02 kB
dist/assets/KaTeX_Math-BoldItalic-CZnvNsCZ.woff2                16.40 kB
dist/assets/KaTeX_Math-Italic-t53AETM-.woff2                    16.44 kB
dist/assets/KaTeX_Script-Regular-C5JkGWo-.ttf                   16.64 kB
dist/assets/KaTeX_Main-BoldItalic-DxDJ3AOS.woff2                16.78 kB
dist/pdfjs/cmaps/KSC-Johab-H.bcmap                              16.79 kB
dist/assets/KaTeX_Main-Italic-NWA7e6Wa.woff2                    16.98 kB
dist/assets/KaTeX_Math-BoldItalic-iY-2wyZ7.woff                 18.66 kB
dist/assets/KaTeX_Math-Italic-DA0__PXp.woff                     18.74 kB
dist/assets/KaTeX_Main-BoldItalic-SpSLRI95.woff                 19.41 kB
dist/assets/KaTeX_SansSerif-Regular-BNo7hRIc.ttf                19.43 kB
dist/assets/KaTeX_Fraktur-Regular-CB_wures.ttf                  19.57 kB
dist/assets/KaTeX_Fraktur-Bold-BdnERNNW.ttf                     19.58 kB
dist/pdfjs/cmaps/GBK2K-H.bcmap                                  19.66 kB
dist/assets/KaTeX_Main-Italic-BMLOBm91.woff                     19.67 kB
dist/assets/KaTeX_SansSerif-Italic-YYjJ1zSn.ttf                 22.36 kB
dist/pdfjs/cmaps/Adobe-Korea1-UCS2.bcmap                        23.29 kB
dist/assets/KaTeX_SansSerif-Bold-CFMepnvq.ttf                   24.50 kB
dist/assets/KaTeX_Main-Bold-Cx986IdX.woff2                      25.32 kB
dist/pdfjs/cmaps/UniJIS-UCS2-H.bcmap                            25.43 kB
dist/pdfjs/cmaps/UniKS-UCS2-H.bcmap                             25.78 kB
dist/assets/KaTeX_Main-Regular-B22Nviop.woff2                   26.27 kB
dist/pdfjs/cmaps/UniKS-UTF16-H.bcmap                            26.32 kB
dist/pdfjs/cmaps/UniKS-UTF32-H.bcmap                            26.45 kB
dist/assets/KaTeX_Typewriter-Regular-D3Ib7_Hf.ttf               27.55 kB
dist/pdfjs/cmaps/UniKS-UTF8-H.bcmap                             27.79 kB
dist/assets/KaTeX_AMS-Regular-BQhdFMY1.woff2                    28.07 kB
dist/assets/KaTeX_Main-Bold-Jm3AIy58.woff                       29.91 kB
dist/assets/KaTeX_Main-Regular-Dr94JaBh.woff                    30.77 kB
dist/assets/KaTeX_Math-BoldItalic-B3XSjfu4.ttf                  31.19 kB
dist/assets/KaTeX_Math-Italic-flOr_0UB.ttf                      31.30 kB
dist/assets/KaTeX_Main-BoldItalic-DzxPMmG6.ttf                  32.96 kB
dist/assets/KaTeX_AMS-Regular-DMm9YOAa.woff                     33.51 kB
dist/assets/KaTeX_Main-Italic-3WenGoN9.ttf                      33.58 kB
dist/pdfjs/cmaps/Adobe-GB1-UCS2.bcmap                           33.97 kB
dist/pdfjs/cmaps/UniJIS-UTF16-H.bcmap                           39.44 kB
dist/pdfjs/cmaps/UniJIS2004-UTF16-H.bcmap                       39.53 kB
dist/pdfjs/cmaps/UniJISX0213-UTF32-H.bcmap                      40.51 kB
dist/pdfjs/cmaps/UniJIS-UTF32-H.bcmap                           40.53 kB
dist/pdfjs/cmaps/UniJISX02132004-UTF32-H.bcmap                  40.60 kB
dist/pdfjs/cmaps/UniJIS2004-UTF32-H.bcmap                       40.63 kB
dist/pdfjs/cmaps/Adobe-Japan1-UCS2.bcmap                        40.95 kB
dist/pdfjs/cmaps/Adobe-CNS1-UCS2.bcmap                          41.19 kB
dist/pdfjs/cmaps/UniJIS-UTF8-H.bcmap                            41.69 kB
dist/pdfjs/cmaps/UniJIS2004-UTF8-H.bcmap                        41.77 kB
dist/pdfjs/cmaps/UniGB-UCS2-H.bcmap                             43.36 kB
dist/pdfjs/cmaps/UniGB-UTF16-H.bcmap                            44.08 kB
dist/pdfjs/cmaps/UniGB-UTF32-H.bcmap                            45.73 kB
dist/pdfjs/cmaps/UniGB-UTF8-H.bcmap                             46.83 kB
dist/pdfjs/cmaps/UniCNS-UCS2-H.bcmap                            48.28 kB
dist/pdfjs/cmaps/UniCNS-UTF16-H.bcmap                           50.41 kB
dist/assets/KaTeX_Main-Bold-waoOVXN0.ttf                        51.33 kB
dist/pdfjs/cmaps/UniCNS-UTF32-H.bcmap                           52.67 kB
dist/assets/KaTeX_Main-Regular-ypZvNtVU.ttf                     53.58 kB
dist/pdfjs/cmaps/UniCNS-UTF8-H.bcmap                            53.62 kB
dist/assets/KaTeX_AMS-Regular-DRggAlZN.ttf                      63.63 kB
dist/assets/xlsx-worker-BKxvEeqD.js                            132.09 kB
dist/assets/icon_512@2x-BnwZhfO-.png                           215.70 kB
dist/assets/icon-glm-for-dark-gaDfAQcT.png                     223.61 kB
dist/assets/icon-glm-for-light-Dsx5dwqA.png                    223.80 kB
dist/assets/diffs.worker-CAavpt0L.js                           827.86 kB
dist/assets/pdf.worker.min-qwK7q_zL.mjs                      1,046.21 kB
dist/assets/docx_wasm_bg-HWnIvdMf.wasm                       1,119.33 kB │ gzip:   443.20 kB
dist/THIRD-PARTY-NOTICES.md                                  1,978.93 kB
dist/assets/duke_sheets_wasm_bg-BCCK9PkU.wasm                4,345.44 kB │ gzip: 1,663.17 kB
dist/assets/pdf-viewer-Dgb4oCkS.css                              1.49 kB │ gzip:     0.59 kB
dist/assets/CommerceHostApp-IroIIy6D.css                         7.24 kB │ gzip:     2.09 kB
dist/assets/index-BJ9hc-Wz.css                                 397.45 kB │ gzip:    64.01 kB
dist/assets/mermaid-GHXKKRXX-Dk9mMvwc.js                         0.07 kB │ gzip:     0.08 kB
dist/assets/previewPanePdfContent-CTNvUUcj.js                    0.07 kB │ gzip:     0.08 kB
dist/assets/previewPanePptxContent-nfqpvEfU.js                   0.07 kB │ gzip:     0.08 kB
dist/assets/x-RpgT1XmH.js                                        0.07 kB │ gzip:     0.08 kB
dist/assets/info-DAWdUdS4.js                                     0.07 kB │ gzip:     0.09 kB
dist/assets/previewPaneOfficeContent-C1gtMBFs.js                 0.07 kB │ gzip:     0.09 kB
dist/assets/zoom-in-BpoiRk4U.js                                  0.08 kB │ gzip:     0.09 kB
dist/assets/sparkles-Dmk7DCs0.js                                 0.08 kB │ gzip:     0.09 kB
dist/assets/zoom-out-BXX--Pc9.js                                 0.08 kB │ gzip:     0.09 kB
dist/assets/file-down-3C-2tIX8.js                                0.08 kB │ gzip:     0.09 kB
dist/assets/store-BArJdAn2.js                                    0.08 kB │ gzip:     0.09 kB
dist/assets/sun-GbIwNaoD.js                                      0.08 kB │ gzip:     0.09 kB
dist/assets/table-Dm9TaeDt.js                                    0.08 kB │ gzip:     0.09 kB
dist/assets/tag-BO13DLKh.js                                      0.08 kB │ gzip:     0.09 kB
dist/assets/target-D26NL54M.js                                   0.08 kB │ gzip:     0.09 kB
dist/assets/terminal-CbscDHsr.js                                 0.08 kB │ gzip:     0.09 kB
dist/assets/text-wrap-CJmPHlFS.js                                0.08 kB │ gzip:     0.09 kB
dist/assets/thumbs-down-BQYGlDyX.js                              0.08 kB │ gzip:     0.09 kB
dist/assets/thumbs-up-Ca-_Bem4.js                                0.08 kB │ gzip:     0.09 kB
dist/assets/trash-2-C5Naw6w-.js                                  0.08 kB │ gzip:     0.09 kB
dist/assets/trending-up-down-DX_V3Kcr.js                         0.08 kB │ gzip:     0.09 kB
dist/assets/undo-2-DqmpjVJP.js                                   0.08 kB │ gzip:     0.09 kB
dist/assets/unlink-KUY-ppwZ.js                                   0.08 kB │ gzip:     0.09 kB
dist/assets/unplug-Qnn4712s.js                                   0.08 kB │ gzip:     0.09 kB
dist/assets/upload-DAKGyHFR.js                                   0.08 kB │ gzip:     0.09 kB
dist/assets/user-ToxO4Orh.js                                     0.08 kB │ gzip:     0.09 kB
dist/assets/user-round-CF7aZg7L.js                               0.08 kB │ gzip:     0.09 kB
dist/assets/user-round-pen-ZW3puYEf.js                           0.08 kB │ gzip:     0.09 kB
dist/assets/users-RfPs1IN5.js                                    0.08 kB │ gzip:     0.09 kB
dist/assets/video-C0bInNfK.js                                    0.08 kB │ gzip:     0.09 kB
dist/assets/wand-sparkles-BbGQZtUs.js                            0.08 kB │ gzip:     0.09 kB
dist/assets/waypoints-BsYQgpQB.js                                0.08 kB │ gzip:     0.09 kB
dist/assets/webhook-D0abPfaP.js                                  0.08 kB │ gzip:     0.09 kB
dist/assets/workflow-Cwc0Bzua.js                                 0.08 kB │ gzip:     0.09 kB
dist/assets/wrench-DMdEJKVh.js                                   0.08 kB │ gzip:     0.09 kB
dist/assets/activity-CilbBTNS.js                                 0.08 kB │ gzip:     0.09 kB
dist/assets/alarm-clock-DPJFwxzg.js                              0.08 kB │ gzip:     0.09 kB
dist/assets/anchor-D9uy1KPh.js                                   0.08 kB │ gzip:     0.09 kB
dist/assets/app-window-ChoQxOin.js                               0.08 kB │ gzip:     0.09 kB
dist/assets/archive-CMSPD6t4.js                                  0.08 kB │ gzip:     0.09 kB
dist/assets/archive-x-C3hHd8s-.js                                0.08 kB │ gzip:     0.09 kB
dist/assets/arrow-down-qqH30uwv.js                               0.08 kB │ gzip:     0.09 kB
dist/assets/arrow-down-to-line-t0A18AWB.js                       0.08 kB │ gzip:     0.09 kB
dist/assets/arrow-left-C5y0P7sW.js                               0.08 kB │ gzip:     0.09 kB
dist/assets/arrow-left-from-line-Ds71akIW.js                     0.08 kB │ gzip:     0.09 kB
dist/assets/arrow-right-D4t_PaKM.js                              0.08 kB │ gzip:     0.09 kB
dist/assets/arrow-right-left-CwS7ijUV.js                         0.08 kB │ gzip:     0.09 kB
dist/assets/arrow-right-to-line-B0DVniib.js                      0.08 kB │ gzip:     0.09 kB
dist/assets/arrow-up-BVGofAPK.js                                 0.08 kB │ gzip:     0.09 kB
dist/assets/arrow-up-from-line-DnX4Zt_P.js                       0.08 kB │ gzip:     0.09 kB
dist/assets/arrow-up-right-jR6oT9Sn.js                           0.08 kB │ gzip:     0.09 kB
dist/assets/arrow-up-to-line-DgpjTtTN.js                         0.08 kB │ gzip:     0.09 kB
dist/assets/astroid-Di5y0tqk.js                                  0.08 kB │ gzip:     0.09 kB
dist/assets/ban-BYtcIUuB.js                                      0.08 kB │ gzip:     0.09 kB
dist/assets/blocks-CDo49nL4.js                                   0.08 kB │ gzip:     0.09 kB
dist/assets/book-open-BO2p5TB9.js                                0.08 kB │ gzip:     0.09 kB
dist/assets/book-open-text-ETxAd9RR.js                           0.08 kB │ gzip:     0.09 kB
dist/assets/bot-Cs2AyeEs.js                                      0.08 kB │ gzip:     0.09 kB
dist/assets/bot-message-square-BFo8sVCS.js                       0.08 kB │ gzip:     0.09 kB
dist/assets/brain-30b49Dt4.js                                    0.08 kB │ gzip:     0.09 kB
dist/assets/briefcase-business-JhQvIIAw.js                       0.08 kB │ gzip:     0.09 kB
dist/assets/bug-CgwRGlJH.js                                      0.08 kB │ gzip:     0.09 kB
dist/assets/cable-Ca3l0C74.js                                    0.08 kB │ gzip:     0.09 kB
dist/assets/calendar-clock-DPez0vuP.js                           0.08 kB │ gzip:     0.09 kB
dist/assets/calendar-days-B-nKPzVb.js                            0.08 kB │ gzip:     0.09 kB
dist/assets/chart-column-BdEFdl5c.js                             0.08 kB │ gzip:     0.09 kB
dist/assets/chart-line-DBdKlcUD.js                               0.08 kB │ gzip:     0.09 kB
dist/assets/check-DNoaa7uF.js                                    0.08 kB │ gzip:     0.09 kB
dist/assets/chevron-down-BzjfDSTM.js                             0.08 kB │ gzip:     0.09 kB
dist/assets/chevron-left-CtVp2taj.js                             0.08 kB │ gzip:     0.09 kB
dist/assets/chevron-up-DXCZvRfs.js                               0.08 kB │ gzip:     0.09 kB
dist/assets/chevrons-down-DKC4PhZd.js                            0.08 kB │ gzip:     0.09 kB
dist/assets/circle-B4mglfLO.js                                   0.08 kB │ gzip:     0.09 kB
dist/assets/circle-alert-BtLf3H23.js                             0.08 kB │ gzip:     0.09 kB
dist/assets/circle-check-big-nKNj2QoD.js                         0.08 kB │ gzip:     0.09 kB
dist/assets/circle-check-eXDZgNBS.js                             0.08 kB │ gzip:     0.09 kB
dist/assets/circle-dashed-CASx4JoC.js                            0.08 kB │ gzip:     0.09 kB
dist/assets/circle-minus-DUkltfsP.js                             0.08 kB │ gzip:     0.09 kB
dist/assets/circle-pause-COziCgYq.js                             0.08 kB │ gzip:     0.09 kB
dist/assets/circle-play-B5wLNiUa.js                              0.08 kB │ gzip:     0.09 kB
dist/assets/circle-plus-Bk-SbcTR.js                              0.08 kB │ gzip:     0.09 kB
dist/assets/circle-question-mark-ZHuAY4OQ.js                     0.08 kB │ gzip:     0.09 kB
dist/assets/circle-slash-2-D7WgzQKq.js                           0.08 kB │ gzip:     0.09 kB
dist/assets/circle-stop-D_PJXyp8.js                              0.08 kB │ gzip:     0.09 kB
dist/assets/circle-x-DNT8TjbD.js                                 0.08 kB │ gzip:     0.09 kB
dist/assets/clipboard-check-B4VpZzBv.js                          0.08 kB │ gzip:     0.09 kB
dist/assets/clipboard-paste-B2I7mHxh.js                          0.08 kB │ gzip:     0.09 kB
dist/assets/clipboard-pen-line-CKHIZdeM.js                       0.08 kB │ gzip:     0.09 kB
dist/assets/clock-3-DHbATWsD.js                                  0.08 kB │ gzip:     0.09 kB
dist/assets/clock-B26nqabm.js                                    0.08 kB │ gzip:     0.09 kB
dist/assets/clock-alert-BQFTR0yD.js                              0.08 kB │ gzip:     0.09 kB
dist/assets/cloud-Bd5LMYbI.js                                    0.08 kB │ gzip:     0.09 kB
dist/assets/cloud-download-BAFxVv-h.js                           0.08 kB │ gzip:     0.09 kB
dist/assets/cloud-upload-BkbEkAz6.js                             0.08 kB │ gzip:     0.09 kB
dist/assets/code-xml-U1AO2UDS.js                                 0.08 kB │ gzip:     0.09 kB
dist/assets/copy-BE9k5LH4.js                                     0.08 kB │ gzip:     0.09 kB
dist/assets/cpu-Bg6F-LHE.js                                      0.08 kB │ gzip:     0.09 kB
dist/assets/crown-0_I29KLO.js                                    0.08 kB │ gzip:     0.09 kB
dist/assets/download-B2uofwmf.js                                 0.08 kB │ gzip:     0.09 kB
dist/assets/earth-bABQGZPf.js                                    0.08 kB │ gzip:     0.09 kB
dist/assets/ellipsis-BDcM1bqk.js                                 0.08 kB │ gzip:     0.09 kB
dist/assets/eraser-CvI0V1rS.js                                   0.08 kB │ gzip:     0.09 kB
dist/assets/external-link-CsbZtz6i.js                            0.08 kB │ gzip:     0.09 kB
dist/assets/eye-DjwTs6GN.js                                      0.08 kB │ gzip:     0.09 kB
dist/assets/eye-off-USQGYePN.js                                  0.08 kB │ gzip:     0.09 kB
dist/assets/file-CvErWRrn.js                                     0.08 kB │ gzip:     0.09 kB
dist/assets/file-clock-CxCk7nDT.js                               0.08 kB │ gzip:     0.09 kB
dist/assets/file-code-corner-D_ZOb2D4.js                         0.08 kB │ gzip:     0.09 kB
dist/assets/file-diff-IQ_aSC92.js                                0.08 kB │ gzip:     0.09 kB
dist/assets/file-output-B8J4fDTC.js                              0.08 kB │ gzip:     0.09 kB
dist/assets/file-pen-line-DRqDxNYX.js                            0.08 kB │ gzip:     0.09 kB
dist/assets/file-search-CRJCWpJR.js                              0.08 kB │ gzip:     0.09 kB
dist/assets/file-text-DqvqA2ue.js                                0.08 kB │ gzip:     0.09 kB
dist/assets/files-Bdjx70bv.js                                    0.08 kB │ gzip:     0.09 kB
dist/assets/flask-conical-CjK8qup_.js                            0.08 kB │ gzip:     0.09 kB
dist/assets/folder-Bd0pU9Bx.js                                   0.08 kB │ gzip:     0.09 kB
dist/assets/folder-open-fCVERtOa.js                              0.08 kB │ gzip:     0.09 kB
dist/assets/folder-plus-Cha6cG0l.js                              0.08 kB │ gzip:     0.09 kB
dist/assets/folder-symlink-f2CVXAmF.js                           0.08 kB │ gzip:     0.09 kB
dist/assets/gauge-C1Fuh1FR.js                                    0.08 kB │ gzip:     0.09 kB
dist/assets/gift-K4WNJo7V.js                                     0.08 kB │ gzip:     0.09 kB
dist/assets/git-branch-CnH56ALf.js                               0.08 kB │ gzip:     0.09 kB
dist/assets/git-commit-horizontal-1kAQHBfa.js                    0.08 kB │ gzip:     0.09 kB
dist/assets/git-commit-vertical-C3KL7DF8.js                      0.08 kB │ gzip:     0.09 kB
dist/assets/git-graph-C89Ew3Jd.js                                0.08 kB │ gzip:     0.09 kB
dist/assets/git-merge-CKNgmcRt.js                                0.08 kB │ gzip:     0.09 kB
dist/assets/globe-DQfkhOWI.js                                    0.08 kB │ gzip:     0.09 kB
dist/assets/goal-BEnzNa6V.js                                     0.08 kB │ gzip:     0.09 kB
dist/assets/graduation-cap-BxvDN7qX.js                           0.08 kB │ gzip:     0.09 kB
dist/assets/grip-horizontal--bTVwpyB.js                          0.08 kB │ gzip:     0.09 kB
dist/assets/grip-vertical-DTV6jATX.js                            0.08 kB │ gzip:     0.09 kB
dist/assets/hand-CjtSAPZw.js                                     0.08 kB │ gzip:     0.09 kB
dist/assets/hash-BpyfW0bA.js                                     0.08 kB │ gzip:     0.09 kB
dist/assets/history-Cf67yU0n.js                                  0.08 kB │ gzip:     0.09 kB
dist/assets/hourglass-C3c07IxD.js                                0.08 kB │ gzip:     0.09 kB
dist/assets/house-DXlp8hoD.js                                    0.08 kB │ gzip:     0.09 kB
dist/assets/image-C-vV1vQf.js                                    0.08 kB │ gzip:     0.09 kB
dist/assets/image-off-DlCGNat_.js                                0.08 kB │ gzip:     0.09 kB
dist/assets/image-plus-D9mdjZcV.js                               0.08 kB │ gzip:     0.09 kB
dist/assets/import-CGusbi7y.js                                   0.08 kB │ gzip:     0.09 kB
dist/assets/inbox-BV1q2-n2.js                                    0.08 kB │ gzip:     0.09 kB
dist/assets/key-round-DSGaLxMR.js                                0.08 kB │ gzip:     0.09 kB
dist/assets/keyboard-ffI-wAr-.js                                 0.08 kB │ gzip:     0.09 kB
dist/assets/library-CZOVxPX-.js                                  0.08 kB │ gzip:     0.09 kB
dist/assets/lightbulb-C104h7Ks.js                                0.08 kB │ gzip:     0.09 kB
dist/assets/list-Djq5fP7C.js                                     0.08 kB │ gzip:     0.09 kB
dist/assets/list-checks-DMU1-o46.js                              0.08 kB │ gzip:     0.09 kB
dist/assets/list-filter-BO9Ppatx.js                              0.08 kB │ gzip:     0.09 kB
dist/assets/list-todo-wpxgfAgl.js                                0.08 kB │ gzip:     0.09 kB
dist/assets/list-tree-B0eIXWH-.js                                0.08 kB │ gzip:     0.09 kB
dist/assets/loader-Da3EFGP9.js                                   0.08 kB │ gzip:     0.09 kB
dist/assets/lock-BsV_qZAN.js                                     0.08 kB │ gzip:     0.09 kB
dist/assets/lock-keyhole-BphUU46Y.js                             0.08 kB │ gzip:     0.09 kB
dist/assets/log-in-b2JJPiLS.js                                   0.08 kB │ gzip:     0.09 kB
dist/assets/log-out-iM18yFxM.js                                  0.08 kB │ gzip:     0.09 kB
dist/assets/map-4RsqDTR0.js                                      0.08 kB │ gzip:     0.09 kB
dist/assets/maximize-2-B-E-F0AY.js                               0.08 kB │ gzip:     0.09 kB
dist/assets/maximize-BCCVTQIM.js                                 0.08 kB │ gzip:     0.09 kB
dist/assets/megaphone-DCCkWDzm.js                                0.08 kB │ gzip:     0.09 kB
dist/assets/message-circle-CHMSctkG.js                           0.08 kB │ gzip:     0.09 kB
dist/assets/message-circle-check-BuTi86Bc.js                     0.08 kB │ gzip:     0.09 kB
dist/assets/message-circle-plus-z0Mg3LKh.js                      0.08 kB │ gzip:     0.09 kB
dist/assets/message-circle-question-mark-CgyIOjKA.js             0.08 kB │ gzip:     0.09 kB
dist/assets/message-circle-reply-CwXmBmxD.js                     0.08 kB │ gzip:     0.09 kB
dist/assets/message-square-text-Dx-i0oIe.js                      0.08 kB │ gzip:     0.09 kB
dist/assets/message-square-uFSzHkPX.js                           0.08 kB │ gzip:     0.09 kB
dist/assets/messages-square-DxoUIqzD.js                          0.08 kB │ gzip:     0.09 kB
dist/assets/minimize-2-G0G9PKYt.js                               0.08 kB │ gzip:     0.09 kB
dist/assets/minus-7YTfkWM7.js                                    0.08 kB │ gzip:     0.09 kB
dist/assets/monitor-CnYw1JS7.js                                  0.08 kB │ gzip:     0.09 kB
dist/assets/monitor-cog-PYn2KhBY.js                              0.08 kB │ gzip:     0.09 kB
dist/assets/monitor-smartphone-BQ16EEuo.js                       0.08 kB │ gzip:     0.09 kB
dist/assets/moon-q6y3AadL.js                                     0.08 kB │ gzip:     0.09 kB
dist/assets/mouse-pointer-click-CdPLN3vv.js                      0.08 kB │ gzip:     0.09 kB
dist/assets/music-2-BTAFT2hS.js                                  0.08 kB │ gzip:     0.09 kB
dist/assets/network-DUZ9T6RL.js                                  0.08 kB │ gzip:     0.09 kB
dist/assets/notepad-text-GOaECsZe.js                             0.08 kB │ gzip:     0.09 kB
dist/assets/package-ckgtPD3m.js                                  0.08 kB │ gzip:     0.09 kB
dist/assets/palette-CCL5fLVY.js                                  0.08 kB │ gzip:     0.09 kB
dist/assets/panel-left-close-xUaqTtZP.js                         0.08 kB │ gzip:     0.09 kB
dist/assets/panel-left-open-CuMjwC6c.js                          0.08 kB │ gzip:     0.09 kB
dist/assets/panel-right-close-sqQYPXpS.js                        0.08 kB │ gzip:     0.09 kB
dist/assets/panel-right-open-D2y-6NAn.js                         0.08 kB │ gzip:     0.09 kB
dist/assets/panels-top-left-IgJUDZRH.js                          0.08 kB │ gzip:     0.09 kB
dist/assets/paperclip-ADO879pU.js                                0.08 kB │ gzip:     0.09 kB
dist/assets/pause-D5yefa4h.js                                    0.08 kB │ gzip:     0.09 kB
dist/assets/pen-tool-CJhxMkL7.js                                 0.08 kB │ gzip:     0.09 kB
dist/assets/pencil-DtLdQkz9.js                                   0.08 kB │ gzip:     0.09 kB
dist/assets/pencil-ruler-loSzmJ2u.js                             0.08 kB │ gzip:     0.09 kB
dist/assets/pin-jqSkTBF3.js                                      0.08 kB │ gzip:     0.09 kB
dist/assets/play-BSLUl0bp.js                                     0.08 kB │ gzip:     0.09 kB
dist/assets/plug-QpHCPmR8.js                                     0.08 kB │ gzip:     0.09 kB
dist/assets/plus-BHRS-cVk.js                                     0.08 kB │ gzip:     0.09 kB
dist/assets/power-QDlVmTbd.js                                    0.08 kB │ gzip:     0.09 kB
dist/assets/presentation-CKAzuIsb.js                             0.08 kB │ gzip:     0.09 kB
dist/assets/qr-code-BhFVSUcT.js                                  0.08 kB │ gzip:     0.09 kB
dist/assets/quote-BdBZASJD.js                                    0.08 kB │ gzip:     0.09 kB
dist/assets/redo-2-C4ogwyaa.js                                   0.08 kB │ gzip:     0.09 kB
dist/assets/refresh-ccw-DLynWQT-.js                              0.08 kB │ gzip:     0.09 kB
dist/assets/refresh-cw-B8QV1GsS.js                               0.08 kB │ gzip:     0.09 kB
dist/assets/repeat-2-BWn2SBy-.js                                 0.08 kB │ gzip:     0.09 kB
dist/assets/reply-CtEVV0PY.js                                    0.08 kB │ gzip:     0.09 kB
dist/assets/rocket-pGjg87W3.js                                   0.08 kB │ gzip:     0.09 kB
dist/assets/rotate-ccw-CAO8floz.js                               0.08 kB │ gzip:     0.09 kB
dist/assets/save-D3TZkD4f.js                                     0.08 kB │ gzip:     0.09 kB
dist/assets/scale-CXcoAwFQ.js                                    0.08 kB │ gzip:     0.09 kB
dist/assets/scroll-text-8vLor9Ks.js                              0.08 kB │ gzip:     0.09 kB
dist/assets/search-CmxWghtz.js                                   0.08 kB │ gzip:     0.09 kB
dist/assets/send-Ce8ZVeCk.js                                     0.08 kB │ gzip:     0.09 kB
dist/assets/server-CqMy0T5D.js                                   0.08 kB │ gzip:     0.09 kB
dist/assets/settings-2-Bsatzwfq.js                               0.08 kB │ gzip:     0.09 kB
dist/assets/settings-BzPPPZLC.js                                 0.08 kB │ gzip:     0.09 kB
dist/assets/share-D_bp5ncT.js                                    0.08 kB │ gzip:     0.09 kB
dist/assets/shield-alert-DcVfqdch.js                             0.08 kB │ gzip:     0.09 kB
dist/assets/shield-check-DexvHljD.js                             0.08 kB │ gzip:     0.09 kB
dist/assets/sliders-horizontal-CYDIRKVj.js                       0.08 kB │ gzip:     0.09 kB
dist/assets/smartphone-CKCh2L8y.js                               0.08 kB │ gzip:     0.09 kB
dist/assets/square-CaQGjaMJ.js                                   0.08 kB │ gzip:     0.09 kB
dist/assets/square-arrow-right-enter-C4kQ_75O.js                 0.08 kB │ gzip:     0.09 kB
dist/assets/square-code-fcn41uf9.js                              0.08 kB │ gzip:     0.09 kB
dist/assets/square-kanban-CdhnlFT_.js                            0.08 kB │ gzip:     0.09 kB
dist/assets/square-mouse-pointer-DSLdSBEo.js                     0.08 kB │ gzip:     0.09 kB
dist/assets/square-slash-Bn0schnE.js                             0.08 kB │ gzip:     0.09 kB
dist/assets/square-terminal-CSJmrCfb.js                          0.08 kB │ gzip:     0.09 kB
dist/assets/chevron-right-eW7_fn0k.js                            0.08 kB │ gzip:     0.09 kB
dist/assets/loader-circle-CGmJuK39.js                            0.08 kB │ gzip:     0.09 kB
dist/assets/triangle-alert-DTo6AVZE.js                           0.08 kB │ gzip:     0.10 kB
dist/assets/mouse-pointer-2-DL7aDpu8.js                          0.08 kB │ gzip:     0.10 kB
dist/assets/clone-BWhtbndj.js                                    0.09 kB │ gzip:     0.10 kB
dist/assets/array-BBEGmAaF.js                                    0.10 kB │ gzip:     0.11 kB
dist/assets/channel-CeeZ6Ur7.js                                  0.11 kB │ gzip:     0.12 kB
dist/assets/pie-ZZUOXDRM-BxIXw9XI.js                             0.11 kB │ gzip:     0.11 kB
dist/assets/info-OMHHGYJF-BPFGvPQ2.js                            0.11 kB │ gzip:     0.11 kB
dist/assets/radar-PYXPWWZC-D-8Da157.js                           0.11 kB │ gzip:     0.12 kB
dist/assets/packet-4T2RLAQJ-sX_JnTFQ.js                          0.12 kB │ gzip:     0.12 kB
dist/assets/treemap-W4RFUUIX-Co6Im0tA.js                         0.12 kB │ gzip:     0.12 kB
dist/assets/wardley-RL74JXVD-CDuWy950.js                         0.12 kB │ gzip:     0.12 kB
dist/assets/gitGraph-7Q5UKJZL-B3DGt9Fm.js                        0.12 kB │ gzip:     0.12 kB
dist/assets/treeView-SZITEDCU-BvbPdSGe.js                        0.12 kB │ gzip:     0.12 kB
dist/assets/architecture-YZFGNWBL-B_MgO6Dc.js                    0.12 kB │ gzip:     0.12 kB
dist/assets/chevron-left-D8IcKLv9.js                             0.14 kB │ gzip:     0.15 kB
dist/assets/chevron-right-vb-W9jHd.js                            0.14 kB │ gzip:     0.15 kB
dist/assets/tally-1-D_MJhhCT.js                                  0.14 kB │ gzip:     0.15 kB
dist/assets/slash-CgAqJbzE.js                                    0.15 kB │ gzip:     0.15 kB
dist/assets/wifi-zero-CSdtsG9a.js                                0.15 kB │ gzip:     0.16 kB
dist/assets/signal-zero-CmGt5Ai_.js                              0.15 kB │ gzip:     0.16 kB
dist/assets/tiny-invariant-L2VPF8T-.js                           0.15 kB │ gzip:     0.14 kB
dist/assets/loader-circle-CIoCuPmB.js                            0.16 kB │ gzip:     0.16 kB
dist/assets/dot-IZdNwFbo.js                                      0.16 kB │ gzip:     0.15 kB
dist/assets/circle-small-O8Zn8hE8.js                             0.16 kB │ gzip:     0.16 kB
dist/assets/mountain-DmvTszjk.js                                 0.16 kB │ gzip:     0.16 kB
dist/assets/bluetooth-B6_yRhPj.js                                0.16 kB │ gzip:     0.17 kB
dist/assets/x-Dblg7pyS.js                                        0.17 kB │ gzip:     0.16 kB
dist/assets/ellipse-BI52PQB9.js                                  0.17 kB │ gzip:     0.16 kB
dist/assets/fish-symbol-ovy7f1rv.js                              0.17 kB │ gzip:     0.17 kB
dist/assets/navigation-aUK80p-_.js                               0.17 kB │ gzip:     0.17 kB
dist/assets/chunk-QZHKN3VN-69FlfO7k.js                           0.18 kB │ gzip:     0.15 kB
dist/assets/navigation-2-CtclKYjj.js                             0.18 kB │ gzip:     0.17 kB
dist/assets/space-ChirTNwX.js                                    0.18 kB │ gzip:     0.17 kB
dist/assets/egg-BeTJS0Sx.js                                      0.18 kB │ gzip:     0.18 kB
dist/assets/tally-2-D2Wq2hle.js                                  0.18 kB │ gzip:     0.17 kB
dist/assets/thermometer-DANFauqa.js                              0.18 kB │ gzip:     0.18 kB
dist/assets/option-D1VtR-3w.js                                   0.19 kB │ gzip:     0.17 kB
dist/assets/rectangle-vertical-BdH0EqyF.js                       0.19 kB │ gzip:     0.18 kB
dist/assets/signal-low-Cw3hRaTt.js                               0.19 kB │ gzip:     0.17 kB
dist/assets/unlink-2-CorhYQcR.js                                 0.19 kB │ gzip:     0.18 kB
dist/assets/rectangle-horizontal-DS0ILHlt.js                     0.19 kB │ gzip:     0.18 kB
dist/assets/code-CSfvyc-f.js                                     0.19 kB │ gzip:     0.17 kB
dist/assets/move-up-eRXUseMY.js                                  0.19 kB │ gzip:     0.17 kB
dist/assets/move-left-DxDRzwbA.js                                0.19 kB │ gzip:     0.18 kB
dist/assets/squircle-Besh5hnX.js                                 0.19 kB │ gzip:     0.18 kB
dist/assets/move-up-left-Bx9ecoGh.js                             0.19 kB │ gzip:     0.18 kB
dist/assets/arrow-up-left-nz7o_grH.js                            0.19 kB │ gzip:     0.18 kB
dist/assets/chevron-last-CSErscz2.js                             0.19 kB │ gzip:     0.18 kB
dist/assets/chevron-first-BpeV6LCW.js                            0.19 kB │ gzip:     0.18 kB
dist/assets/move-down-CMnifPjD.js                                0.19 kB │ gzip:     0.18 kB
dist/assets/move-up-right-Dm-qljWQ.js                            0.19 kB │ gzip:     0.18 kB
dist/assets/music-3-CTwdeHyB.js                                  0.19 kB │ gzip:     0.19 kB
dist/assets/arrow-down-left-Bsc3gzQV.js                          0.19 kB │ gzip:     0.17 kB
dist/assets/clock-12-BmLRjxSO.js                                 0.19 kB │ gzip:     0.18 kB
dist/assets/clock-6-JruHzD2r.js                                  0.19 kB │ gzip:     0.18 kB
dist/assets/move-down-left-TA7RT_ys.js                           0.19 kB │ gzip:     0.18 kB
dist/assets/move-right-ClizS7-Q.js                               0.19 kB │ gzip:     0.18 kB
dist/assets/arrow-down-right-VpzY_8H0.js                         0.20 kB │ gzip:     0.18 kB
dist/assets/clock-9-BwetYZyx.js                                  0.20 kB │ gzip:     0.18 kB
dist/assets/move-down-right-CL48ZgY2.js                          0.20 kB │ gzip:     0.18 kB
dist/assets/clock-1-DaOz55xy.js                                  0.20 kB │ gzip:     0.18 kB
dist/assets/clock-2-tSOAiAb9.js                                  0.20 kB │ gzip:     0.18 kB
dist/assets/clock-4-BTuHGcZC.js                                  0.20 kB │ gzip:     0.18 kB
dist/assets/clock-5-BOKI-Mbo.js                                  0.20 kB │ gzip:     0.18 kB
dist/assets/chevrons-up-Ecy4M2Kh.js                              0.20 kB │ gzip:     0.17 kB
dist/assets/clock-7-CjFIuLfz.js                                  0.20 kB │ gzip:     0.18 kB
dist/assets/clock-8-9VTS2D4N.js                                  0.20 kB │ gzip:     0.18 kB
dist/assets/infinity-Dk83obaE.js                                 0.20 kB │ gzip:     0.18 kB
dist/assets/chevrons-right-DDuytbvl.js                           0.20 kB │ gzip:     0.17 kB
dist/assets/clock-10-BWy7pv21.js                                 0.20 kB │ gzip:     0.18 kB
dist/assets/clock-11-DV0YrPOJ.js                                 0.20 kB │ gzip:     0.18 kB
dist/assets/blend-G2Wd47_M.js                                    0.20 kB │ gzip:     0.17 kB
dist/assets/chevrons-down-up-DnpevrlC.js                         0.20 kB │ gzip:     0.18 kB
dist/assets/chevrons-left-B9cHLynI.js                            0.20 kB │ gzip:     0.17 kB
dist/assets/chevrons-up-down-BWbR8HSs.js                         0.20 kB │ gzip:     0.18 kB
dist/assets/trending-up-Bn3FfP3y.js                              0.20 kB │ gzip:     0.18 kB
dist/assets/disc-B4K3U5ud.js                                     0.20 kB │ gzip:     0.17 kB
dist/assets/wifi-low-FOeitoYU.js                                 0.20 kB │ gzip:     0.19 kB
dist/assets/bold-D9EKg4rV.js                                     0.20 kB │ gzip:     0.18 kB
dist/assets/chevrons-left-right-TGXy-fGP.js                      0.20 kB │ gzip:     0.18 kB
dist/assets/trending-down-B4dhXtdh.js                            0.20 kB │ gzip:     0.19 kB
dist/assets/check-check-BtH5Cs7L.js                              0.21 kB │ gzip:     0.19 kB
dist/assets/chevrons-right-left-BBF3ExPy.js                      0.21 kB │ gzip:     0.19 kB
dist/assets/forward-DNlP0Rnx.js                                  0.21 kB │ gzip:     0.19 kB
dist/assets/iteration-cw-DJm4czPc.js                             0.21 kB │ gzip:     0.19 kB
dist/assets/russian-ruble-COIBuQZw.js                            0.21 kB │ gzip:     0.18 kB
dist/assets/src-2FP7IUE6-BIsrz6Lo.js                             0.21 kB │ gzip:     0.17 kB
dist/assets/triangle-Bb6R15O_.js                                 0.21 kB │ gzip:     0.19 kB
dist/assets/chunk-4BX2VUAB-ByfNTueH.js                           0.21 kB │ gzip:     0.16 kB
dist/assets/eclipse-DbaCz_85.js                                  0.21 kB │ gzip:     0.19 kB
dist/assets/circle-dot-3-3C-nFq.js                               0.21 kB │ gzip:     0.17 kB
dist/assets/command-C75rZOck.js                                  0.21 kB │ gzip:     0.18 kB
dist/assets/iteration-ccw-BjCQ5rUt.js                            0.21 kB │ gzip:     0.19 kB
dist/assets/mouse-C4s5CZtP.js                                    0.21 kB │ gzip:     0.20 kB
dist/assets/circle-chevron-up-DBkP_h-i.js                        0.21 kB │ gzip:     0.19 kB
dist/assets/chunk-55IACEB6-Or3Ripl9.js                           0.21 kB │ gzip:     0.19 kB
dist/assets/corner-right-up-ByEea7q8.js                          0.21 kB │ gzip:     0.19 kB
dist/assets/rows-2-CpemxD-M.js                                   0.21 kB │ gzip:     0.19 kB
dist/assets/zodiac-taurus-1aK2xbPN.js                            0.21 kB │ gzip:     0.20 kB
dist/assets/corner-down-left-YT5d-ojJ.js                         0.21 kB │ gzip:     0.19 kB
dist/assets/corner-left-up-Da4JSUGU.js                           0.21 kB │ gzip:     0.19 kB
dist/assets/corner-up-left-jhTgEKw3.js                           0.21 kB │ gzip:     0.19 kB
dist/assets/crop-DqtSnOVm.js                                     0.21 kB │ gzip:     0.19 kB
dist/assets/tv-B9KdrHRp.js                                       0.21 kB │ gzip:     0.20 kB
dist/assets/circle-chevron-down-v106kU7J.js                      0.21 kB │ gzip:     0.19 kB
dist/assets/circle-chevron-left-D52nvlTY.js                      0.21 kB │ gzip:     0.19 kB
dist/assets/circle-chevron-right-BTFbOOha.js                     0.21 kB │ gzip:     0.19 kB
dist/assets/contrast-B6lid_ef.js                                 0.21 kB │ gzip:     0.19 kB
dist/assets/panel-top-Df5U25R7.js                                0.21 kB │ gzip:     0.19 kB
dist/assets/undo-DcclpaxS.js                                     0.21 kB │ gzip:     0.19 kB
dist/assets/columns-2-DcZk11tX.js                                0.21 kB │ gzip:     0.20 kB
dist/assets/corner-down-right-Ckv7d7Np.js                        0.21 kB │ gzip:     0.19 kB
dist/assets/corner-right-down-CII2rTxu.js                        0.21 kB │ gzip:     0.19 kB
dist/assets/corner-up-right-BZ3jNGcF.js                          0.21 kB │ gzip:     0.19 kB
dist/assets/panel-left-DW7WsjT1.js                               0.21 kB │ gzip:     0.20 kB
dist/assets/parentheses-CWqm-hrE.js                              0.21 kB │ gzip:     0.19 kB
dist/assets/corner-left-down-Cvp2sOs_.js                         0.21 kB │ gzip:     0.19 kB
dist/assets/equal-CO11Spha.js                                    0.21 kB │ gzip:     0.18 kB
dist/assets/flag-triangle-left-DDnXfk8H.js                       0.21 kB │ gzip:     0.20 kB
dist/assets/flag-triangle-right-xV8J2fCV.js                      0.21 kB │ gzip:     0.20 kB
dist/assets/redo-D05HHjyb.js                                     0.21 kB │ gzip:     0.19 kB
dist/assets/tv-minimal-DI6VOOM4.js                               0.21 kB │ gzip:     0.20 kB
dist/assets/copyleft-BGF397_w.js                                 0.22 kB │ gzip:     0.20 kB
dist/assets/info-DOF26Bnm.js                                     0.22 kB │ gzip:     0.18 kB
dist/assets/menu-B7uTYWrN.js                                     0.22 kB │ gzip:     0.17 kB
dist/assets/panel-right-Clq64alO.js                              0.22 kB │ gzip:     0.20 kB
dist/assets/square-minus-Bd-5SjHM.js                             0.22 kB │ gzip:     0.20 kB
dist/assets/circle-slash-DV2_Brse.js                             0.22 kB │ gzip:     0.19 kB
dist/assets/diff-K4BxjRVZ.js                                     0.22 kB │ gzip:     0.18 kB
dist/assets/kanban-BhLNerv3.js                                   0.22 kB │ gzip:     0.18 kB
dist/assets/panel-bottom-RJYdhVKh.js                             0.22 kB │ gzip:     0.20 kB
dist/assets/triangle-right-B9UUdjPX.js                           0.22 kB │ gzip:     0.20 kB
dist/assets/copyright-z_f6hPuP.js                                0.22 kB │ gzip:     0.20 kB
dist/assets/line-dot-right-horizontal-BOosYtv6.js                0.22 kB │ gzip:     0.20 kB
dist/assets/tally-3-CbO6nh3F.js                                  0.22 kB │ gzip:     0.18 kB
dist/assets/underline-Ccj9jLZx.js                                0.22 kB │ gzip:     0.19 kB
dist/assets/battery-Ce7IEWbu.js                                  0.22 kB │ gzip:     0.20 kB
dist/assets/circle-parking-C6gTJssG.js                           0.22 kB │ gzip:     0.20 kB
dist/assets/cylinder-1rjcuYKh.js                                 0.22 kB │ gzip:     0.20 kB
dist/assets/heading-BGUsrFUO.js                                  0.22 kB │ gzip:     0.18 kB
dist/assets/dice-1-D_913_r0.js                                   0.22 kB │ gzip:     0.20 kB
dist/assets/book-CYrF2QaL.js                                     0.22 kB │ gzip:     0.19 kB
dist/assets/square-check-2ln2p38x.js                             0.22 kB │ gzip:     0.20 kB
dist/assets/line-squiggle-DiPScaIi.js                            0.22 kB │ gzip:     0.21 kB
dist/assets/at-sign-_7pSHRx2.js                                  0.23 kB │ gzip:     0.21 kB
dist/assets/flame-Qu0gMbN1.js                                    0.23 kB │ gzip:     0.20 kB
dist/assets/slice-hPdXVTdX.js                                    0.23 kB │ gzip:     0.20 kB
dist/assets/square-dot-WWR916kh.js                               0.23 kB │ gzip:     0.20 kB
dist/assets/swiss-franc-Bys1oml-.js                              0.23 kB │ gzip:     0.19 kB
dist/assets/text-align-end-D5zyoRwi.js                           0.23 kB │ gzip:     0.18 kB
dist/assets/toggle-left-B0Ayt7u0.js                              0.23 kB │ gzip:     0.21 kB
dist/assets/torus-BFxxhEq_.js                                    0.23 kB │ gzip:     0.18 kB
dist/assets/x-line-top-DxNyTCZI.js                               0.23 kB │ gzip:     0.19 kB
dist/assets/baseline-D-JhEcpg.js                                 0.23 kB │ gzip:     0.19 kB
dist/assets/square-chevron-up-uhbIq6zD.js                        0.23 kB │ gzip:     0.21 kB
dist/assets/venus-ChFKr10d.js                                    0.23 kB │ gzip:     0.20 kB
dist/assets/zodiac-aries-CChgq_9P.js                             0.23 kB │ gzip:     0.19 kB
dist/assets/rotate-cw-rZH75-oj.js                                0.23 kB │ gzip:     0.20 kB
dist/assets/signal-medium-CpVA6kgL.js                            0.23 kB │ gzip:     0.19 kB
dist/assets/square-radical-CSFhc52C.js                           0.23 kB │ gzip:     0.21 kB
dist/assets/text-align-start-C0okpU74.js                         0.23 kB │ gzip:     0.19 kB
dist/assets/toggle-right-9I4B1xak.js                             0.23 kB │ gzip:     0.20 kB
dist/assets/text-align-center-Z4exce8D.js                        0.23 kB │ gzip:     0.19 kB
dist/assets/check-line-C42nhOLS.js                               0.23 kB │ gzip:     0.19 kB
dist/assets/square-chevron-down-B3GDaaTT.js                      0.23 kB │ gzip:     0.21 kB
dist/assets/square-chevron-left-CogeLo0M.js                      0.23 kB │ gzip:     0.21 kB
dist/assets/square-chevron-right-SSaDVZqn.js                     0.23 kB │ gzip:     0.21 kB
dist/assets/text-align-justify-DPKs1d5u.js                       0.23 kB │ gzip:     0.18 kB
dist/assets/chart-no-axes-gantt-DLDiUIO_.js                      0.23 kB │ gzip:     0.20 kB
dist/assets/move-diagonal-B1QcM7w4.js                            0.23 kB │ gzip:     0.20 kB
dist/assets/chart-no-axes-column-B6251O9y.js                     0.23 kB │ gzip:     0.19 kB
dist/assets/radical-CnpYK82R.js                                  0.23 kB │ gzip:     0.21 kB
dist/assets/credit-card-Dcf24WhX.js                              0.23 kB │ gzip:     0.21 kB
dist/assets/move-diagonal-2-BOMUkbMm.js                          0.23 kB │ gzip:     0.19 kB
dist/assets/zodiac-sagittarius-CGMVyPvi.js                       0.23 kB │ gzip:     0.20 kB
dist/assets/arrow-left-to-line-CLK3tMNe.js                       0.23 kB │ gzip:     0.20 kB
dist/assets/move-vertical-_oi1PU9I.js                            0.23 kB │ gzip:     0.19 kB
dist/assets/square-sigma-CTgXrK8E.js                             0.23 kB │ gzip:     0.22 kB
dist/assets/cone-CMaeMl9B.js                                     0.24 kB │ gzip:     0.21 kB
dist/assets/mars-BueBnDno.js                                     0.24 kB │ gzip:     0.21 kB
dist/assets/rectangle-circle-7bw0U7Px.js                         0.24 kB │ gzip:     0.20 kB
dist/assets/spell-check-CArdDSAl.js                              0.24 kB │ gzip:     0.20 kB
dist/assets/square-parking-B4qRMFfF.js                           0.24 kB │ gzip:     0.22 kB
dist/assets/arrow-down-from-line-DJBXXUpr.js                     0.24 kB │ gzip:     0.20 kB
dist/assets/circle-equal-B-Q8e38m.js                             0.24 kB │ gzip:     0.19 kB
dist/assets/lock-open-gL5abcYW.js                                0.24 kB │ gzip:     0.21 kB
dist/assets/move-horizontal-CbUpl6XI.js                          0.24 kB │ gzip:     0.20 kB
dist/assets/square-activity-ByYh-OB_.js                          0.24 kB │ gzip:     0.21 kB
dist/assets/arrow-right-from-line-C1BUxJv_.js                    0.24 kB │ gzip:     0.20 kB
dist/assets/droplet-BdUSgUU6.js                                  0.24 kB │ gzip:     0.21 kB
dist/assets/ratio-DGIEmBw0.js                                    0.24 kB │ gzip:     0.19 kB
dist/assets/ungroup-hVykI03x.js                                  0.24 kB │ gzip:     0.19 kB
dist/assets/asterisk-B5GeoQEc.js                                 0.24 kB │ gzip:     0.20 kB
dist/assets/mail-DGo72RQg.js                                     0.24 kB │ gzip:     0.22 kB
dist/assets/pill-Bj-lU44t.js                                     0.24 kB │ gzip:     0.20 kB
dist/assets/tablet-D5cEmcsx.js                                   0.24 kB │ gzip:     0.21 kB
dist/assets/appUsageChartPalette-DH5GDDgm.js                     0.24 kB │ gzip:     0.13 kB
dist/assets/separator-vertical-BAkxHWZD.js                       0.24 kB │ gzip:     0.20 kB
dist/assets/captions-D__Yd-AE.js                                 0.24 kB │ gzip:     0.21 kB
dist/assets/pilcrow-DB64yQs-.js                                  0.24 kB │ gzip:     0.19 kB
dist/assets/sigma-CVbzb2k9.js                                    0.24 kB │ gzip:     0.21 kB
dist/assets/flask-round-JbJ0PFi_.js                              0.24 kB │ gzip:     0.21 kB
dist/assets/separator-horizontal-rEQcx1ka.js                     0.24 kB │ gzip:     0.20 kB
dist/assets/square-stop-D14dUT1h.js                              0.24 kB │ gzip:     0.20 kB
dist/assets/table-2-_yNSw81J.js                                  0.24 kB │ gzip:     0.20 kB
dist/assets/album-ls3uA5WS.js                                    0.24 kB │ gzip:     0.21 kB
dist/assets/chart-no-axes-column-decreasing-DNYg8Po3.js          0.24 kB │ gzip:     0.20 kB
dist/assets/chart-no-axes-column-increasing-m8mT_Ii8.js          0.24 kB │ gzip:     0.20 kB
dist/assets/chart-spline-B94WSxY7.js                             0.24 kB │ gzip:     0.21 kB
dist/assets/disc-2-D63xRXEx.js                                   0.24 kB │ gzip:     0.19 kB
dist/assets/laptop-minimal-Bwh-1FRB.js                           0.24 kB │ gzip:     0.21 kB
dist/assets/square-square-CoeeZwKw.js                            0.24 kB │ gzip:     0.19 kB
dist/assets/turkish-lira-D4Y3rTgQ.js                             0.24 kB │ gzip:     0.21 kB
dist/assets/arrow-up-from-dot-B4UNOZxH.js                        0.24 kB │ gzip:     0.21 kB
dist/assets/dock-0PMXzaYb.js                                     0.24 kB │ gzip:     0.21 kB
dist/assets/arrow-down-to-dot-XWtg5vE_.js                        0.25 kB │ gzip:     0.21 kB
dist/assets/circle-arrow-down-7LX1Imqd.js                        0.25 kB │ gzip:     0.20 kB
dist/assets/circle-arrow-up-AdXCtI9W.js                          0.25 kB │ gzip:     0.20 kB
dist/assets/dollar-sign-XavPaNo4.js                              0.25 kB │ gzip:     0.21 kB
dist/assets/music-BIVCbWz4.js                                    0.25 kB │ gzip:     0.20 kB
dist/assets/audio-waveform-CodBG7GP.js                           0.25 kB │ gzip:     0.19 kB
dist/assets/brackets-BiGbJVZF.js                                 0.25 kB │ gzip:     0.20 kB
dist/assets/briefcase-Cp3yMOEE.js                                0.25 kB │ gzip:     0.22 kB
dist/assets/circle-arrow-left-D1zu94Ay.js                        0.25 kB │ gzip:     0.21 kB
dist/assets/cloud-lightning-DLi1K9hY.js                          0.25 kB │ gzip:     0.22 kB
dist/assets/rows-3-G03NkTvb.js                                   0.25 kB │ gzip:     0.21 kB
dist/assets/search-check-e4Sd5cIp.js                             0.25 kB │ gzip:     0.21 kB
dist/assets/search-slash-BUVD5wAd.js                             0.25 kB │ gzip:     0.21 kB
dist/assets/type-B8-7mcHF.js                                     0.25 kB │ gzip:     0.20 kB
dist/assets/circle-arrow-right-Bhgb-tnA.js                       0.25 kB │ gzip:     0.21 kB
dist/assets/highlighter-BHvvobBJ.js                              0.25 kB │ gzip:     0.21 kB
dist/assets/utils-Gbw2QyKj.js                                    0.25 kB │ gzip:     0.19 kB
dist/assets/grid-2x2-vVzq3wPg.js                                 0.25 kB │ gzip:     0.21 kB
dist/assets/japanese-yen-CSPGHzQq.js                             0.25 kB │ gzip:     0.21 kB
dist/assets/smartphone-charging-CGSH6fed.js                      0.25 kB │ gzip:     0.22 kB
dist/assets/stretch-vertical-Bk6AsxqC.js                         0.25 kB │ gzip:     0.19 kB
dist/assets/columns-3-CjRnWTNa.js                                0.25 kB │ gzip:     0.21 kB
dist/assets/reply-all-DkJKK9IR.js                                0.25 kB │ gzip:     0.20 kB
dist/assets/zodiac-ophiuchus-D5UwXBtV.js                         0.25 kB │ gzip:     0.21 kB
dist/assets/beaker-Zou5-NAF.js                                   0.25 kB │ gzip:     0.20 kB
dist/assets/cloud-check-kweLQqnc.js                              0.25 kB │ gzip:     0.22 kB
dist/assets/globe-check-C2STHJVy.js                              0.25 kB │ gzip:     0.21 kB
dist/assets/rss-CFSwG0JU.js                                      0.25 kB │ gzip:     0.21 kB
dist/assets/square-plus-C0de-wBF.js                              0.25 kB │ gzip:     0.21 kB
dist/assets/stretch-horizontal-jWgX2xb3.js                       0.25 kB │ gzip:     0.19 kB
dist/assets/touchpad-B6tCB0F2.js                                 0.25 kB │ gzip:     0.21 kB
dist/assets/undo-dot-C4VJEnGQ.js                                 0.25 kB │ gzip:     0.22 kB
dist/assets/bluetooth-off-yJbFiTQk.js                            0.25 kB │ gzip:     0.21 kB
dist/assets/circle-arrow-out-up-left-DP4ymHZn.js                 0.25 kB │ gzip:     0.21 kB
dist/assets/lens-concave-DTpAIOEQ.js                             0.25 kB │ gzip:     0.20 kB
dist/assets/merge-3E6JHOr_.js                                    0.25 kB │ gzip:     0.21 kB
dist/assets/spline-CCrKaggG.js                                   0.25 kB │ gzip:     0.21 kB
dist/assets/airplay-C8SsOZt7.js                                  0.25 kB │ gzip:     0.21 kB
dist/assets/battery-low-BXhcZsfK.js                              0.25 kB │ gzip:     0.21 kB
dist/assets/square-equal-BBhDmS63.js                             0.25 kB │ gzip:     0.21 kB
dist/assets/zodiac-pisces-No35ESkQ.js                            0.25 kB │ gzip:     0.20 kB
dist/assets/square-round-corner-C11wdt5P.js                      0.25 kB │ gzip:     0.20 kB
dist/assets/tally-4-DM5ij9fD.js                                  0.25 kB │ gzip:     0.18 kB
dist/assets/square-check-big-sM7WoS36.js                         0.26 kB │ gzip:     0.22 kB
dist/assets/user-round-minus-BI4FKd73.js                         0.26 kB │ gzip:     0.22 kB
dist/assets/bookmark-0rBw841E.js                                 0.26 kB │ gzip:     0.22 kB
dist/assets/circle-arrow-out-up-right-N32RJrSz.js                0.26 kB │ gzip:     0.21 kB
dist/assets/circle-power-tEtAPn2E.js                             0.26 kB │ gzip:     0.22 kB
dist/assets/clock-check-xpf_de7c.js                              0.26 kB │ gzip:     0.21 kB
dist/assets/dice-2-BTPtwhTR.js                                   0.26 kB │ gzip:     0.21 kB
dist/assets/gallery-vertical-nwtbC6YL.js                         0.26 kB │ gzip:     0.22 kB
dist/assets/omega-xfDU6F0B.js                                    0.26 kB │ gzip:     0.22 kB
dist/assets/section-BP7S_gTh.js                                  0.26 kB │ gzip:     0.20 kB
dist/assets/vote-CT4xCzVn.js                                     0.26 kB │ gzip:     0.21 kB
dist/assets/wallet-minimal-Dtn0jhuM.js                           0.26 kB │ gzip:     0.21 kB
dist/assets/divide-CIP4DksE.js                                   0.26 kB │ gzip:     0.21 kB
dist/assets/gallery-horizontal-BmQac4P1.js                       0.26 kB │ gzip:     0.22 kB
dist/assets/rainbow-BgaZ29lD.js                                  0.26 kB │ gzip:     0.20 kB
dist/assets/square-x-ByFw7gIP.js                                 0.26 kB │ gzip:     0.21 kB
dist/assets/text-quote-Dv6Dtdh4.js                               0.26 kB │ gzip:     0.19 kB
dist/assets/zodiac-leo-Bet3on9d.js                               0.26 kB │ gzip:     0.23 kB
dist/assets/circle-arrow-out-down-left-C48INZ-N.js               0.26 kB │ gzip:     0.21 kB
dist/assets/club-C6LX2F2E.js                                     0.26 kB │ gzip:     0.21 kB
dist/assets/door-closed-DaPsA1vX.js                              0.26 kB │ gzip:     0.21 kB
dist/assets/hdmi-port-BVgsxRuY.js                                0.26 kB │ gzip:     0.21 kB
dist/assets/hexagon-vZpeeHBG.js                                  0.26 kB │ gzip:     0.20 kB
dist/assets/panels-left-bottom--PG-MByB.js                       0.26 kB │ gzip:     0.22 kB
dist/assets/philippine-peso-1XD6b83t.js                          0.26 kB │ gzip:     0.21 kB
dist/assets/wifi-high-4An1zrvO.js                                0.26 kB │ gzip:     0.21 kB
dist/assets/ear-ydkUU4ho.js                                      0.26 kB │ gzip:     0.21 kB
dist/assets/equal-approximately-D7a2wHJm.js                      0.26 kB │ gzip:     0.19 kB
dist/assets/gallery-vertical-end-j4bJkPIr.js                     0.26 kB │ gzip:     0.22 kB
dist/assets/list-minus-Co3beld1.js                               0.26 kB │ gzip:     0.19 kB
dist/assets/zoom-out-CauQVYsw.js                                 0.26 kB │ gzip:     0.20 kB
dist/assets/heading-1-VQpSTQTD.js                                0.26 kB │ gzip:     0.20 kB
dist/assets/mountain-snow-B3te7uAT.js                            0.26 kB │ gzip:     0.23 kB
dist/assets/panel-top-close-CVAwyby6.js                          0.26 kB │ gzip:     0.22 kB
dist/assets/panel-top-open-ck3VNgB8.js                           0.26 kB │ gzip:     0.22 kB
dist/assets/panels-right-bottom-D6DxSfF8.js                      0.26 kB │ gzip:     0.22 kB
dist/assets/user-round-check-DxXOgqRF.js                         0.26 kB │ gzip:     0.23 kB
dist/assets/voicemail-Bgg_8HJq.js                                0.26 kB │ gzip:     0.20 kB
dist/assets/ellipsis-vertical-BBjXGSlR.js                        0.26 kB │ gzip:     0.19 kB
dist/assets/mic-BFsu5raC.js                                      0.26 kB │ gzip:     0.22 kB
dist/assets/mirror-rectangular-tWskkmUG.js                       0.26 kB │ gzip:     0.22 kB
dist/assets/pen-CaOfRw6x.js                                      0.26 kB │ gzip:     0.22 kB
dist/assets/book-minus-CVCsyDOI.js                               0.26 kB │ gzip:     0.22 kB
dist/assets/circle-arrow-out-down-right-z5rpoTdD.js              0.26 kB │ gzip:     0.21 kB
dist/assets/gallery-horizontal-end-NhpzzTF0.js                   0.26 kB │ gzip:     0.22 kB
dist/assets/mouse-pointer-2-Cbz1xzvU.js                          0.26 kB │ gzip:     0.22 kB
dist/assets/pi-Cvg7qXZZ.js                                       0.26 kB │ gzip:     0.22 kB
dist/assets/signal-high-CP7gI3Hh.js                              0.26 kB │ gzip:     0.20 kB
dist/assets/square-arrow-down-DbS_yV2D.js                        0.26 kB │ gzip:     0.22 kB
dist/assets/square-arrow-up-C2z9xjiP.js                          0.26 kB │ gzip:     0.22 kB
dist/assets/annoyed-CQuLauR5.js                                  0.26 kB │ gzip:     0.20 kB
dist/assets/circle-gauge-CeBXQW4e.js                             0.26 kB │ gzip:     0.22 kB
dist/assets/headphones-BscZsWUd.js                               0.26 kB │ gzip:     0.20 kB
dist/assets/panel-bottom-open-DlrTgya3.js                        0.26 kB │ gzip:     0.22 kB
dist/assets/skip-back-C6jAGJvG.js                                0.26 kB │ gzip:     0.22 kB
dist/assets/skip-forward-D6aK16OL.js                             0.26 kB │ gzip:     0.22 kB
dist/assets/square-arrow-left-EwFnRgy4.js                        0.26 kB │ gzip:     0.22 kB
dist/assets/square-arrow-up-right-BuVxW2AA.js                    0.26 kB │ gzip:     0.22 kB
dist/assets/zodiac-libra-DnxudTcs.js                             0.26 kB │ gzip:     0.23 kB
dist/assets/disc-album-Ds4DIztZ.js                               0.26 kB │ gzip:     0.22 kB
dist/assets/list-check-Cc3cDWmK.js                               0.26 kB │ gzip:     0.20 kB
dist/assets/panel-bottom-close-BEwWrmPI.js                       0.26 kB │ gzip:     0.22 kB
dist/assets/shell-BGcGFLrz.js                                    0.26 kB │ gzip:     0.21 kB
dist/assets/square-arrow-right-BQSEi6Nc.js                       0.26 kB │ gzip:     0.22 kB
dist/assets/square-arrow-up-left-DWDbg14H.js                     0.26 kB │ gzip:     0.22 kB
dist/assets/step-back-s5ozWT8V.js                                0.26 kB │ gzip:     0.23 kB
dist/assets/step-forward-BD1Pp5Gd.js                             0.26 kB │ gzip:     0.22 kB
dist/assets/timer-CpGLoG3J.js                                    0.26 kB │ gzip:     0.20 kB
dist/assets/ampersand-BBsUDjio.js                                0.27 kB │ gzip:     0.22 kB
dist/assets/bed-COQF7Q08.js                                      0.27 kB │ gzip:     0.20 kB
dist/assets/square-arrow-down-right-C9WEeZWb.js                  0.27 kB │ gzip:     0.22 kB
dist/assets/align-vertical-space-around-D02Mx8dz.js              0.27 kB │ gzip:     0.22 kB
dist/assets/cloudy-s4neXx11.js                                   0.27 kB │ gzip:     0.23 kB
dist/assets/laptop-minimal-check-ziOi_EmT.js                     0.27 kB │ gzip:     0.23 kB
dist/assets/redo-dot-DscSGgiS.js                                 0.27 kB │ gzip:     0.22 kB
dist/assets/square-arrow-down-left-3jg-l8el.js                   0.27 kB │ gzip:     0.22 kB
dist/assets/popsicle-kzO1Ddxj.js                                 0.27 kB │ gzip:     0.23 kB
dist/assets/proportions-BxJ_zXWu.js                              0.27 kB │ gzip:     0.22 kB
dist/assets/align-horizontal-space-around-DWwycTx8.js            0.27 kB │ gzip:     0.23 kB
dist/assets/link-2-C8aL118t.js                                   0.27 kB │ gzip:     0.22 kB
dist/assets/percent-C81X3PHY.js                                  0.27 kB │ gzip:     0.21 kB
dist/assets/book-check-uG_FhbAC.js                               0.27 kB │ gzip:     0.22 kB
dist/assets/chunk-426QAEUC-DE2jI5J0.js                           0.27 kB │ gzip:     0.22 kB
dist/assets/cloud-fog-tEDylbW3.js                                0.27 kB │ gzip:     0.22 kB
dist/assets/database-BqbDOlJa.js                                 0.27 kB │ gzip:     0.22 kB
dist/assets/move-3d-VOCkVPny.js                                  0.27 kB │ gzip:     0.21 kB
dist/assets/user-check-B9ZzHK8q.js                               0.27 kB │ gzip:     0.22 kB
dist/assets/diamond-BxEJPjGP.js                                  0.27 kB │ gzip:     0.19 kB
dist/assets/italic-BJNlpy9t.js                                   0.27 kB │ gzip:     0.20 kB
dist/assets/lasso-5h21aML-.js                                    0.27 kB │ gzip:     0.23 kB
dist/assets/arrow-down-up-DrfyxiDH.js                            0.27 kB │ gzip:     0.21 kB
dist/assets/arrow-up-down-PULiYX18.js                            0.27 kB │ gzip:     0.21 kB
dist/assets/banknote-B5IKQOMG.js                                 0.27 kB │ gzip:     0.22 kB
dist/assets/bluetooth-searching-CRbpjP4a.js                      0.27 kB │ gzip:     0.23 kB
dist/assets/chart-bar-Bz_7Jfob.js                                0.27 kB │ gzip:     0.21 kB
dist/assets/vibrate-CntddjLR.js                                  0.27 kB │ gzip:     0.22 kB
dist/assets/equal-not-iTPc9xxW.js                                0.27 kB │ gzip:     0.20 kB
dist/assets/square-power-BNy7FjB8.js                             0.27 kB │ gzip:     0.23 kB
dist/assets/wind-DZ0bkNM_.js                                     0.27 kB │ gzip:     0.21 kB
dist/assets/book-marked-DiDpz3N_.js                              0.27 kB │ gzip:     0.23 kB
dist/assets/non-binary-CBKFcunu.js                               0.27 kB │ gzip:     0.22 kB
dist/assets/picture-in-picture-2-BF-sxv2d.js                     0.27 kB │ gzip:     0.23 kB
dist/assets/strikethrough-DckkI8pL.js                            0.27 kB │ gzip:     0.23 kB
dist/assets/arrow-left-right-Cb8Hz_xo.js                         0.27 kB │ gzip:     0.22 kB
dist/assets/chart-gantt-CtHuCD5n.js                              0.27 kB │ gzip:     0.21 kB
dist/assets/circle-dollar-sign-BNnZcbQq.js                       0.27 kB │ gzip:     0.22 kB
dist/assets/cloud-alert-D_iiZ_3k.js                              0.27 kB │ gzip:     0.22 kB
dist/assets/mouse-left-BRItHeLz.js                               0.27 kB │ gzip:     0.23 kB
dist/assets/circle-off-CXfwVRSt.js                               0.28 kB │ gzip:     0.22 kB
dist/assets/donut-BcBJr82Z.js                                    0.28 kB │ gzip:     0.23 kB
dist/assets/list-indent-decrease-CPZL0Jnt.js                     0.28 kB │ gzip:     0.20 kB
dist/assets/list-indent-increase-0asJQz0L.js                     0.28 kB │ gzip:     0.20 kB
dist/assets/tent-bNiB-xb-.js                                     0.28 kB │ gzip:     0.20 kB
dist/assets/test-tube-ncB1MMds.js                                0.28 kB │ gzip:     0.22 kB
dist/assets/grid-2x2-check-BHSK7kSy.js                           0.28 kB │ gzip:     0.22 kB
dist/assets/pentagon-rPN6P2zM.js                                 0.28 kB │ gzip:     0.22 kB
dist/assets/triangle-alert-CpREh9AR.js                           0.28 kB │ gzip:     0.22 kB
dist/assets/compass-soB44yBU.js                                  0.28 kB │ gzip:     0.23 kB
dist/assets/lens-convex-B35Q0yjw.js                              0.28 kB │ gzip:     0.22 kB
dist/assets/sword-DNYGD_6Y.js                                    0.28 kB │ gzip:     0.22 kB
dist/assets/circle-percent-B8qA0O-G.js                           0.28 kB │ gzip:     0.22 kB
dist/assets/lollipop-CDXsuicK.js                                 0.28 kB │ gzip:     0.23 kB
dist/assets/mouse-right-De248ZLY.js                              0.28 kB │ gzip:     0.24 kB
dist/assets/trash-DvQc3vt5.js                                    0.28 kB │ gzip:     0.21 kB
dist/assets/webcam-Pp_m2KBh.js                                   0.28 kB │ gzip:     0.21 kB
dist/assets/circle-user-round-DY-eXXml.js                        0.28 kB │ gzip:     0.22 kB
dist/assets/mars-stroke-DkPGvL1E.js                              0.28 kB │ gzip:     0.22 kB
dist/assets/search-alert-hkVmzGbH.js                             0.28 kB │ gzip:     0.22 kB
dist/assets/squares-unite-FjN_Xlfg.js                            0.28 kB │ gzip:     0.21 kB
dist/assets/ticket-minus-B1n8YU_8.js                             0.28 kB │ gzip:     0.22 kB
dist/assets/users-round-DG4AoaND.js                              0.28 kB │ gzip:     0.24 kB
dist/assets/flag-Bkicri60.js                                     0.28 kB │ gzip:     0.23 kB
dist/assets/globe-x-DISVPC3U.js                                  0.28 kB │ gzip:     0.22 kB
dist/assets/pound-sterling-DL2MXU2D.js                           0.28 kB │ gzip:     0.21 kB
dist/assets/route-BcL6wGXm.js                                    0.28 kB │ gzip:     0.22 kB
dist/assets/circle-ellipsis-sCSRQ3LW.js                          0.28 kB │ gzip:     0.20 kB
dist/assets/fishing-rod-DmLPz5lT.js                              0.28 kB │ gzip:     0.23 kB
dist/assets/text-cursor-DW0bzJ1h.js                              0.28 kB │ gzip:     0.21 kB
dist/assets/chart-bar-decreasing-CHudg0Yk.js                     0.28 kB │ gzip:     0.22 kB
dist/assets/chart-bar-increasing-DiOHVMj2.js                     0.28 kB │ gzip:     0.21 kB
dist/assets/clipboard-CNaLxqei.js                                0.28 kB │ gzip:     0.23 kB
dist/assets/funnel-BxsOadqL.js                                   0.28 kB │ gzip:     0.23 kB
dist/assets/georgian-lari-Dm1eGTmQ.js                            0.28 kB │ gzip:     0.22 kB
dist/assets/link-CwbbQ961.js                                     0.28 kB │ gzip:     0.22 kB
dist/assets/square-m-Dr66wUrj.js                                 0.28 kB │ gzip:     0.24 kB
dist/assets/square-user-round-Dwp93eVV.js                        0.28 kB │ gzip:     0.24 kB
dist/assets/user-minus-9iv_tZRH.js                               0.28 kB │ gzip:     0.23 kB
dist/assets/waves-vertical-v49ciuZd.js                           0.28 kB │ gzip:     0.19 kB
dist/assets/calendar-DxL9GV7v.js                                 0.28 kB │ gzip:     0.22 kB
dist/assets/person-standing-DwChqorV.js                          0.28 kB │ gzip:     0.23 kB
dist/assets/search-x-iV-KTcge.js                                 0.28 kB │ gzip:     0.22 kB
dist/assets/bluetooth-connected-Bd_ZG-Sf.js                      0.28 kB │ gzip:     0.22 kB
dist/assets/grid-3x2-7jhEUI9q.js                                 0.28 kB │ gzip:     0.22 kB
dist/assets/heart-CpnZOYsd.js                                    0.28 kB │ gzip:     0.23 kB
dist/assets/pc-case-DsAAqqOF.js                                  0.28 kB │ gzip:     0.22 kB
dist/assets/pyramid-D-3gHeHO.js                                  0.28 kB │ gzip:     0.23 kB
dist/assets/rectangle-goggles-By8jFVGI.js                        0.28 kB │ gzip:     0.22 kB
dist/assets/waves-horizontal-BxdyXuBB.js                         0.28 kB │ gzip:     0.20 kB
dist/assets/zodiac-capricorn-B-r47LLr.js                         0.28 kB │ gzip:     0.23 kB
dist/assets/heading-2-CNDGfoZj.js                                0.29 kB │ gzip:     0.22 kB
dist/assets/map-pin-BX9qA8n4.js                                  0.29 kB │ gzip:     0.24 kB
dist/assets/martini-CpPfLrVn.js                                  0.29 kB │ gzip:     0.22 kB
dist/assets/music-4-qjUC6zK-.js                                  0.29 kB │ gzip:     0.22 kB
dist/assets/refrigerator-DnK9Xff5.js                             0.29 kB │ gzip:     0.22 kB
dist/assets/split-C25m-V_a.js                                    0.29 kB │ gzip:     0.22 kB
dist/assets/square-arrow-out-up-left-Cc87OZjL.js                 0.29 kB │ gzip:     0.22 kB
dist/assets/ticket-check-BANKgBUK.js                             0.29 kB │ gzip:     0.22 kB
dist/assets/ticket-slash-CS8tuKuq.js                             0.29 kB │ gzip:     0.22 kB
dist/assets/align-end-vertical-hbLEJt84.js                       0.29 kB │ gzip:     0.22 kB
dist/assets/circle-user-DtearBfz.js                              0.29 kB │ gzip:     0.22 kB
dist/assets/euro-CSoNjjfF.js                                     0.29 kB │ gzip:     0.23 kB
dist/assets/map-pin-minus-inside-C2h1oB2s.js                     0.29 kB │ gzip:     0.24 kB
dist/assets/weight-Cs1AIPCB.js                                   0.29 kB │ gzip:     0.24 kB
dist/assets/align-start-vertical-Ch2T7Md4.js                     0.29 kB │ gzip:     0.22 kB
dist/assets/bed-single-DDzwcAvx.js                               0.29 kB │ gzip:     0.22 kB
dist/assets/handbag-3V1Cqrg7.js                                  0.29 kB │ gzip:     0.23 kB
dist/assets/rows-4-CMI2efRY.js                                   0.29 kB │ gzip:     0.22 kB
dist/assets/square-arrow-out-up-right-CoUkjV4m.js                0.29 kB │ gzip:     0.22 kB
dist/assets/utensils-BO3vmjmc.js                                 0.29 kB │ gzip:     0.22 kB
dist/assets/align-end-horizontal-BDuQoZob.js                     0.29 kB │ gzip:     0.23 kB
dist/assets/chart-column-decreasing-pMFlUMik.js                  0.29 kB │ gzip:     0.22 kB
dist/assets/chart-column-increasing-nHlixzEm.js                  0.29 kB │ gzip:     0.22 kB
dist/assets/ghost-Dd09vd9X.js                                    0.29 kB │ gzip:     0.22 kB
dist/assets/lock-keyhole-open-D_tFo-xI.js                        0.29 kB │ gzip:     0.24 kB
dist/assets/navigation-off-DlG9Q3Mf.js                           0.29 kB │ gzip:     0.24 kB
dist/assets/square-menu-NUXG98pa.js                              0.29 kB │ gzip:     0.22 kB
dist/assets/tree-deciduous-D8fVA58S.js                           0.29 kB │ gzip:     0.24 kB
dist/assets/vegan-BKOMeJrb.js                                    0.29 kB │ gzip:     0.23 kB
dist/assets/zap-CkjsGnew.js                                      0.29 kB │ gzip:     0.23 kB
dist/assets/align-start-horizontal-ibIytgL3.js                   0.29 kB │ gzip:     0.22 kB
dist/assets/closed-caption-0nlZGO6J.js                           0.29 kB │ gzip:     0.23 kB
dist/assets/navigation-2-off-BV1S48rU.js                         0.29 kB │ gzip:     0.23 kB
dist/assets/square-arrow-out-down-left-BNw0JrbY.js               0.29 kB │ gzip:     0.23 kB
dist/assets/square-pause-BxirI23H.js                             0.29 kB │ gzip:     0.22 kB
dist/assets/test-tube-diagonal-aLEvwtoL.js                       0.29 kB │ gzip:     0.23 kB
dist/assets/columns-4-D6lWNM1n.js                                0.29 kB │ gzip:     0.22 kB
dist/assets/key-DL-xBWVj.js                                      0.29 kB │ gzip:     0.24 kB
dist/assets/tablets-ZnxRt7MC.js                                  0.29 kB │ gzip:     0.22 kB
dist/assets/barcode-Jt9-eeRs.js                                  0.29 kB │ gzip:     0.19 kB
dist/assets/case-lower-DSKusyOd.js                               0.29 kB │ gzip:     0.22 kB
dist/assets/leaf-D5jJciSr.js                                     0.29 kB │ gzip:     0.24 kB
dist/assets/user-round-plus-ChryCtjx.js                          0.29 kB │ gzip:     0.23 kB
dist/assets/user-round-x-Cglupfdc.js                             0.29 kB │ gzip:     0.23 kB
dist/assets/map-pin-check-inside-yX0Iwp39.js                     0.29 kB │ gzip:     0.24 kB
dist/assets/radio-receiver-xC0CP7j9.js                           0.29 kB │ gzip:     0.23 kB
dist/assets/square-dashed-bottom-BFocQBev.js                     0.29 kB │ gzip:     0.22 kB
dist/assets/tornado-B2GtFB5w.js                                  0.29 kB │ gzip:     0.21 kB
dist/assets/square-arrow-out-down-right-CkJQe788.js              0.29 kB │ gzip:     0.23 kB
dist/assets/square-chart-gantt-Ak0eGmO9.js                       0.29 kB │ gzip:     0.23 kB
dist/assets/square-library-Doowm2Uy.js                           0.29 kB │ gzip:     0.23 kB
dist/assets/table-properties-Cc5CCGBo.js                         0.29 kB │ gzip:     0.23 kB
dist/assets/tally-5-nAwuYNWQ.js                                  0.29 kB │ gzip:     0.20 kB
dist/assets/app-window-mac-DFJ34W8-.js                           0.29 kB │ gzip:     0.22 kB
dist/assets/axis-3d-DE6oDpf1.js                                  0.29 kB │ gzip:     0.23 kB
dist/assets/badge-CvhNjjDO.js                                    0.29 kB │ gzip:     0.21 kB
dist/assets/battery-medium-CtvnmNiv.js                           0.29 kB │ gzip:     0.22 kB
dist/assets/between-vertical-end-DZBuXqSj.js                     0.29 kB │ gzip:     0.22 kB
dist/assets/list-plus-BscyW6rv.js                                0.29 kB │ gzip:     0.21 kB
dist/assets/signal-nkSqCr7Y.js                                   0.29 kB │ gzip:     0.21 kB
dist/assets/table-cells-split-CsSKwYat.js                        0.29 kB │ gzip:     0.23 kB
dist/assets/align-vertical-justify-end-nAlON3RE.js               0.30 kB │ gzip:     0.23 kB
dist/assets/dice-3-CUMBG-O3.js                                   0.30 kB │ gzip:     0.22 kB
dist/assets/ice-cream-cone-qlZZv0CF.js                           0.30 kB │ gzip:     0.22 kB
dist/assets/monitor-check-D8pQu7Oz.js                            0.30 kB │ gzip:     0.24 kB
dist/assets/scroll-BOKiA1bv.js                                   0.30 kB │ gzip:     0.22 kB
dist/assets/square-percent-9WtgH3j4.js                           0.30 kB │ gzip:     0.23 kB
dist/assets/square-user-DwS_f32d.js                              0.30 kB │ gzip:     0.24 kB
dist/assets/timer-reset-DGzPZpV6.js                              0.30 kB │ gzip:     0.23 kB
dist/assets/align-vertical-justify-start-B7MNCdSG.js             0.30 kB │ gzip:     0.23 kB
dist/assets/balloon-C1Lwk6e-.js                                  0.30 kB │ gzip:     0.22 kB
dist/assets/between-vertical-start-loJLcib4.js                   0.30 kB │ gzip:     0.23 kB
dist/assets/book-text-BW7oOk4O.js                                0.30 kB │ gzip:     0.23 kB
dist/assets/circle-pound-sterling-C9MsDrxV.js                    0.30 kB │ gzip:     0.23 kB
dist/assets/folder-minus-agahjVfV.js                             0.30 kB │ gzip:     0.23 kB
dist/assets/rotate-cw-square-nPboy6Uf.js                         0.30 kB │ gzip:     0.23 kB
dist/assets/signpost-big-Dcv--rE6.js                             0.30 kB │ gzip:     0.23 kB
dist/assets/align-horizontal-justify-end-D_HiKMQC.js             0.30 kB │ gzip:     0.23 kB
dist/assets/between-horizontal-end-DvNTzLcg.js                   0.30 kB │ gzip:     0.23 kB
dist/assets/between-horizontal-start-DWEpiuWi.js                 0.30 kB │ gzip:     0.23 kB
dist/assets/book-plus-qlyWp64_.js                                0.30 kB │ gzip:     0.23 kB
dist/assets/chart-bar-big-Cgc_dlPE.js                            0.30 kB │ gzip:     0.23 kB
dist/assets/align-horizontal-justify-start-BGnyHpc7.js           0.30 kB │ gzip:     0.23 kB
dist/assets/align-vertical-justify-center-CevAPC_U.js            0.30 kB │ gzip:     0.23 kB
dist/assets/folder-closed-Bd6a-GQA.js                            0.30 kB │ gzip:     0.23 kB
dist/assets/list-filter-plus-Du-dH3c0.js                         0.30 kB │ gzip:     0.22 kB
dist/assets/repeat-B0F_k8y6.js                                   0.30 kB │ gzip:     0.22 kB
dist/assets/rotate-ccw-square-BVp_xFtM.js                        0.30 kB │ gzip:     0.23 kB
dist/assets/search-code-BLQiUC0f.js                              0.30 kB │ gzip:     0.23 kB
dist/assets/shield-BdQ59NBR.js                                   0.30 kB │ gzip:     0.24 kB
dist/assets/square-asterisk-BoMJpJ6p.js                          0.30 kB │ gzip:     0.23 kB
dist/assets/square-play-DLrXV0Mr.js                              0.30 kB │ gzip:     0.24 kB
dist/assets/bookmark-minus-CHuSBCZ3.js                           0.30 kB │ gzip:     0.24 kB
dist/assets/chart-column-big-zSdCx71x.js                         0.30 kB │ gzip:     0.23 kB
dist/assets/chart-pie-Gad5TsCP.js                                0.30 kB │ gzip:     0.24 kB
dist/assets/clock-plus-cz9MaGSY.js                               0.30 kB │ gzip:     0.23 kB
dist/assets/git-branch-minus-B92csVdf.js                         0.30 kB │ gzip:     0.23 kB
dist/assets/speaker-BPi1i18d.js                                  0.30 kB │ gzip:     0.23 kB
dist/assets/align-horizontal-justify-center-RQaVu1ug.js          0.30 kB │ gzip:     0.23 kB
dist/assets/award-9BTUq5k2.js                                    0.30 kB │ gzip:     0.24 kB
dist/assets/path-B1X_izAA.js                                     0.30 kB │ gzip:     0.22 kB
dist/assets/square-function-DkwobPMU.js                          0.30 kB │ gzip:     0.24 kB
dist/assets/square-pi-CUuSuG4B.js                                0.30 kB │ gzip:     0.23 kB
dist/assets/umbrella-C6eUwtrD.js                                 0.30 kB │ gzip:     0.23 kB
dist/assets/book-alert-DaiDsv1h.js                               0.30 kB │ gzip:     0.23 kB
dist/assets/book-x-Cke7gUJ6.js                                   0.30 kB │ gzip:     0.23 kB
dist/assets/list-x-C3Mi8_ca.js                                   0.30 kB │ gzip:     0.21 kB
dist/assets/message-square-dot-DkJss6f_.js                       0.30 kB │ gzip:     0.25 kB
dist/assets/rectangle-ellipsis-DiIeTB7i.js                       0.30 kB │ gzip:     0.22 kB
dist/assets/book-up-xEDLqVq0.js                                  0.30 kB │ gzip:     0.23 kB
dist/assets/folder-check-CKgJld8X.js                             0.30 kB │ gzip:     0.23 kB
dist/assets/bolt-Cl5GNwYF.js                                     0.30 kB │ gzip:     0.23 kB
dist/assets/clock-arrow-down-e1HLIrhU.js                         0.30 kB │ gzip:     0.23 kB
dist/assets/pen-line-C_Qr-Pgl.js                                 0.30 kB │ gzip:     0.24 kB
dist/assets/a-arrow-up-BlkLMmPi.js                               0.30 kB │ gzip:     0.24 kB
dist/assets/bomb-DzpaI-bf.js                                     0.30 kB │ gzip:     0.24 kB
dist/assets/book-a-BAMYCxnF.js                                   0.30 kB │ gzip:     0.23 kB
dist/assets/book-down-DOVBqVf2.js                                0.30 kB │ gzip:     0.23 kB
dist/assets/bookmark-check-BRymiNgy.js                           0.30 kB │ gzip:     0.24 kB
dist/assets/mail-minus-DDboHxdX.js                               0.30 kB │ gzip:     0.24 kB
dist/assets/scale-3d-E-tSHfKN.js                                 0.30 kB │ gzip:     0.23 kB
dist/assets/volume-BGnmUtz5.js                                   0.30 kB │ gzip:     0.24 kB
dist/assets/zodiac-gemini-_so5u537.js                            0.30 kB │ gzip:     0.22 kB
dist/assets/braces-DAe37BMk.js                                   0.31 kB │ gzip:     0.23 kB
dist/assets/decimals-arrow-left-XtpAHrsv.js                      0.31 kB │ gzip:     0.24 kB
dist/assets/lamp-floor-DkVBN1MI.js                               0.31 kB │ gzip:     0.23 kB
dist/assets/math-D37lWGLK.js                                     0.31 kB │ gzip:     0.20 kB
dist/assets/message-square-check-Cs06xYrq.js                     0.31 kB │ gzip:     0.24 kB
dist/assets/power-off-CdItbx3h.js                                0.31 kB │ gzip:     0.23 kB
dist/assets/user-search-B_Ge7gH0.js                              0.31 kB │ gzip:     0.24 kB
dist/assets/a-arrow-down-Rykqdgbp.js                             0.31 kB │ gzip:     0.24 kB
dist/assets/cloud-rain-BB_Sl4ql.js                               0.31 kB │ gzip:     0.23 kB
dist/assets/list-music-CsxYK3mt.js                               0.31 kB │ gzip:     0.23 kB
dist/assets/sticky-note-BC7Ndly_.js                              0.31 kB │ gzip:     0.23 kB
dist/assets/wifi-rMdJ9Esy.js                                     0.31 kB │ gzip:     0.23 kB
dist/assets/clock-arrow-up-C_ioKDGv.js                           0.31 kB │ gzip:     0.24 kB
dist/assets/grid-2x2-plus-D_qXcv80.js                            0.31 kB │ gzip:     0.23 kB
dist/assets/grid-2x2-x-CwVfCIP-.js                               0.31 kB │ gzip:     0.23 kB
dist/assets/rewind-D3PZUPMp.js                                   0.31 kB │ gzip:     0.21 kB
dist/assets/wind-arrow-down-B2jfcBjZ.js                          0.31 kB │ gzip:     0.23 kB
dist/assets/drumstick-BHgCj2nR.js                                0.31 kB │ gzip:     0.25 kB
dist/assets/form-t8MEJsjP.js                                     0.31 kB │ gzip:     0.22 kB
dist/assets/plug-2-dD6-_Xl0.js                                   0.31 kB │ gzip:     0.22 kB
dist/assets/square-split-vertical-D8vQRxG1.js                    0.31 kB │ gzip:     0.25 kB
dist/assets/tablet-smartphone-I8R00Kf-.js                        0.31 kB │ gzip:     0.24 kB
dist/assets/arrow-big-down-DP2-xfAN.js                           0.31 kB │ gzip:     0.23 kB
dist/assets/arrow-big-up-DPHFJpj5.js                             0.31 kB │ gzip:     0.23 kB
dist/assets/folder-bookmark-_2s-HzIL.js                          0.31 kB │ gzip:     0.24 kB
dist/assets/heading-4-DzdaxDkt.js                                0.31 kB │ gzip:     0.22 kB
dist/assets/wine-BJGfh8vj.js                                     0.31 kB │ gzip:     0.23 kB
dist/assets/arrow-up-narrow-wide-ChtaDmPD.js                     0.31 kB │ gzip:     0.22 kB
dist/assets/arrow-up-wide-narrow-B2yWTRwQ.js                     0.31 kB │ gzip:     0.22 kB
dist/assets/folder-dot-ctn3wiLp.js                               0.31 kB │ gzip:     0.25 kB
dist/assets/mail-check-W4tP8pI7.js                               0.31 kB │ gzip:     0.24 kB
dist/assets/square-split-horizontal-DkRLxR23.js                  0.31 kB │ gzip:     0.25 kB
dist/assets/arrow-down-narrow-wide-Cevq_f3U.js                   0.31 kB │ gzip:     0.22 kB
dist/assets/arrow-down-wide-narrow-B46Tl5x1.js                   0.31 kB │ gzip:     0.22 kB
dist/assets/coins-BBynyLXB.js                                    0.31 kB │ gzip:     0.24 kB
dist/assets/copy-check-Dv37a_Wv.js                               0.31 kB │ gzip:     0.25 kB
dist/assets/diamond-minus-CqIIUUdO.js                            0.31 kB │ gzip:     0.22 kB
dist/assets/fast-forward-vR7HUGH3.js                             0.31 kB │ gzip:     0.21 kB
dist/assets/git-compare-lXIbXWAt.js                              0.31 kB │ gzip:     0.23 kB
dist/assets/glass-water-Bwimk8Vh.js                              0.31 kB │ gzip:     0.24 kB
dist/assets/ligature-C1oo1oTe.js                                 0.31 kB │ gzip:     0.22 kB
dist/assets/list-collapse-Vbnr8elV.js                            0.31 kB │ gzip:     0.21 kB
dist/assets/remove-formatting-9fRrgkyv.js                        0.31 kB │ gzip:     0.23 kB
dist/assets/satellite-dish-B1lX7-2P.js                           0.31 kB │ gzip:     0.23 kB
dist/assets/send-horizontal-BZ3TZeAu.js                          0.31 kB │ gzip:     0.24 kB
dist/assets/layout-template-BI0QpxTk.js                          0.31 kB │ gzip:     0.21 kB
dist/assets/rotate-3d-8CwFrFPi.js                                0.31 kB │ gzip:     0.24 kB
dist/assets/scaling-BVpo9B4q.js                                  0.31 kB │ gzip:     0.23 kB
dist/assets/shirt-x0rkDDv8.js                                    0.31 kB │ gzip:     0.25 kB
dist/assets/user-round-search-BkeOCKEs.js                        0.31 kB │ gzip:     0.24 kB
dist/assets/wallet-CPaguoC-.js                                   0.31 kB │ gzip:     0.22 kB
dist/assets/arrows-up-from-line-R5p8nSvV.js                      0.31 kB │ gzip:     0.22 kB
dist/assets/computer-DxohAPoA.js                                 0.31 kB │ gzip:     0.23 kB
dist/assets/fishing-hook-CePIdvAB.js                             0.31 kB │ gzip:     0.25 kB
dist/assets/layout-panel-left-BQwHdGVw.js                        0.31 kB │ gzip:     0.21 kB
dist/assets/layout-panel-top-DzwR8Soc.js                         0.31 kB │ gzip:     0.21 kB
dist/assets/text-search-tjMd0p38.js                              0.31 kB │ gzip:     0.23 kB
dist/assets/towel-rack-DjHVc8e3.js                               0.31 kB │ gzip:     0.24 kB
dist/assets/toy-brick-D9QogZb-.js                                0.31 kB │ gzip:     0.24 kB
dist/assets/zoom-in-B4Ktv8rJ.js                                  0.31 kB │ gzip:     0.22 kB
dist/assets/bike-C4lpnltd.js                                     0.31 kB │ gzip:     0.23 kB
dist/assets/disc-3-CCFS8p-j.js                                   0.31 kB │ gzip:     0.23 kB
dist/assets/list-chevrons-down-up-DMObJIho.js                    0.31 kB │ gzip:     0.22 kB
dist/assets/list-chevrons-up-down-CF2uIPaL.js                    0.31 kB │ gzip:     0.22 kB
dist/assets/shrub-CY-MDXbM.js                                    0.31 kB │ gzip:     0.24 kB
dist/assets/tangent-c5KtC59G.js                                  0.31 kB │ gzip:     0.24 kB
dist/assets/ticket-plus-Dmhzz6-3.js                              0.31 kB │ gzip:     0.23 kB
dist/assets/git-pull-request-DkRxayI1.js                         0.32 kB │ gzip:     0.24 kB
dist/assets/list-end-CSFQr64D.js                                 0.32 kB │ gzip:     0.22 kB
dist/assets/mail-open-ByBHaNMA.js                                0.32 kB │ gzip:     0.24 kB
dist/assets/pill-bottle-CrM7mQzA.js                              0.32 kB │ gzip:     0.25 kB
dist/assets/scan-YXHqcEFW.js                                     0.32 kB │ gzip:     0.22 kB
dist/assets/square-pilcrow-C5p5O6cc.js                           0.32 kB │ gzip:     0.24 kB
dist/assets/arrow-big-right-BU9EWtiq.js                          0.32 kB │ gzip:     0.24 kB
dist/assets/bell-DeP1ekq5.js                                     0.32 kB │ gzip:     0.25 kB
dist/assets/list-start-SfwFVNYd.js                               0.32 kB │ gzip:     0.23 kB
dist/assets/monitor-stop-DZ5dpTZw.js                             0.32 kB │ gzip:     0.24 kB
dist/assets/square-arrow-right-exit-DTM6etGS.js                  0.32 kB │ gzip:     0.24 kB
dist/assets/arrow-big-left-S6e11XOq.js                           0.32 kB │ gzip:     0.24 kB
dist/assets/egg-off-C9hWccAX.js                                  0.32 kB │ gzip:     0.25 kB
dist/assets/heading-6-7_2rHVDS.js                                0.32 kB │ gzip:     0.23 kB
dist/assets/indian-rupee-CnHf3nhM.js                             0.32 kB │ gzip:     0.23 kB
dist/assets/radius-U8TfYkHT.js                                   0.32 kB │ gzip:     0.24 kB
dist/assets/case-sensitive-CWWzQwHz.js                           0.32 kB │ gzip:     0.25 kB
dist/assets/cloud-rain-wind-DwkBrC6C.js                          0.32 kB │ gzip:     0.24 kB
dist/assets/shopping-cart-BuFFqC-W.js                            0.32 kB │ gzip:     0.25 kB
dist/assets/variable-CeevfbCz.js                                 0.32 kB │ gzip:     0.23 kB
dist/assets/venus-and-mars-Bl9NgFh1.js                           0.32 kB │ gzip:     0.24 kB
dist/assets/minimize-DYp873RX.js                                 0.32 kB │ gzip:     0.22 kB
dist/assets/pilcrow-left-bBzl0B3W.js                             0.32 kB │ gzip:     0.23 kB
dist/assets/smile-BxSNbedG.js                                    0.32 kB │ gzip:     0.23 kB
dist/assets/turntable-BroUffnd.js                                0.32 kB │ gzip:     0.25 kB
dist/assets/link-2-off-BgjMPMmX.js                               0.32 kB │ gzip:     0.23 kB
dist/assets/meh-PyCsE9o_.js                                      0.32 kB │ gzip:     0.22 kB
dist/assets/mirror-round-D14LpGo5.js                             0.32 kB │ gzip:     0.24 kB
dist/assets/moon-star-CCDrClWo.js                                0.32 kB │ gzip:     0.25 kB
dist/assets/pilcrow-right-CaCiYoWG.js                            0.32 kB │ gzip:     0.23 kB
dist/assets/book-user-B2fP5hbm.js                                0.32 kB │ gzip:     0.25 kB
dist/assets/frown-Ccwi6SZh.js                                    0.32 kB │ gzip:     0.24 kB
dist/assets/grid-3x3-B8UyUF65.js                                 0.32 kB │ gzip:     0.23 kB
dist/assets/map-pin-plus-inside-DOwMaSxn.js                      0.32 kB │ gzip:     0.25 kB
dist/assets/frame-Dq_qMRXG.js                                    0.32 kB │ gzip:     0.21 kB
dist/assets/ticket-x-CWwlue9A.js                                 0.32 kB │ gzip:     0.23 kB
dist/assets/bed-double-Q4W7UdIp.js                               0.32 kB │ gzip:     0.23 kB
dist/assets/egg-fried-CkS_nZtN.js                                0.32 kB │ gzip:     0.26 kB
dist/assets/monitor-cloud-DQwzQ6CU.js                            0.32 kB │ gzip:     0.25 kB
dist/assets/calendar-1-BTv8GRar.js                               0.32 kB │ gzip:     0.23 kB
dist/assets/clipboard-minus-C0NsLx92.js                          0.32 kB │ gzip:     0.25 kB
dist/assets/copy-minus-BOAUgC0v.js                               0.32 kB │ gzip:     0.26 kB
dist/assets/copy-slash-DtllzQsZ.js                               0.32 kB │ gzip:     0.26 kB
dist/assets/headset-DJb0-J5w.js                                  0.32 kB │ gzip:     0.23 kB
dist/assets/rocking-chair-DrS388Uy.js                            0.32 kB │ gzip:     0.24 kB
dist/assets/feather-qj3boBD7.js                                  0.33 kB │ gzip:     0.25 kB
dist/assets/panel-top-dashed-DNp-u3DC.js                         0.33 kB │ gzip:     0.24 kB
dist/assets/spade-BfQjHOUH.js                                    0.33 kB │ gzip:     0.26 kB
dist/assets/bone-DdSDknoI.js                                     0.33 kB │ gzip:     0.24 kB
dist/assets/cloud-off-Drk9tlj_.js                                0.33 kB │ gzip:     0.25 kB
dist/assets/flame-kindling-CtAhD3D2.js                           0.33 kB │ gzip:     0.25 kB
dist/assets/monitor-dot-DVop_Hkt.js                              0.33 kB │ gzip:     0.24 kB
dist/assets/panel-left-dashed-rxd17KQR.js                        0.33 kB │ gzip:     0.23 kB
dist/assets/battery-full-BqaW2kTK.js                             0.33 kB │ gzip:     0.23 kB
dist/assets/bean-CC7qAhrw.js                                     0.33 kB │ gzip:     0.26 kB
dist/assets/monitor-pause-BKJ0pNRD.js                            0.33 kB │ gzip:     0.24 kB
dist/assets/video-off-BMkXzAEG.js                                0.33 kB │ gzip:     0.24 kB
dist/assets/calendar-minus-2-BzVpcZNg.js                         0.33 kB │ gzip:     0.24 kB
dist/assets/chevrons-left-right-ellipsis-D_5thPyL.js             0.33 kB │ gzip:     0.23 kB
dist/assets/circle-divide-C4Ik4MOF.js                            0.33 kB │ gzip:     0.22 kB
dist/assets/line-style-i3n8GmA5.js                               0.33 kB │ gzip:     0.22 kB
dist/assets/message-square-share-BMnKP39Z.js                     0.33 kB │ gzip:     0.25 kB
dist/assets/subscript-CdHdKZCJ.js                                0.33 kB │ gzip:     0.25 kB
dist/assets/bookmark-off-C5vFNBzw.js                             0.33 kB │ gzip:     0.25 kB
dist/assets/bubbles-BbmVuS1Y.js                                  0.33 kB │ gzip:     0.24 kB
dist/assets/delete-B_Rpuu7B.js                                   0.33 kB │ gzip:     0.24 kB
dist/assets/git-merge-conflict-VhbmAzRh.js                       0.33 kB │ gzip:     0.24 kB
dist/assets/map-pin-x-inside-5bRXDF75.js                         0.33 kB │ gzip:     0.25 kB
dist/assets/monitor-up-CJWV2bpj.js                               0.33 kB │ gzip:     0.24 kB
dist/assets/parasol-BDKUoFey.js                                  0.33 kB │ gzip:     0.26 kB
dist/assets/coffee-D-aG92wX.js                                   0.33 kB │ gzip:     0.23 kB
dist/assets/lamp-ceiling-CO1BbYEc.js                             0.33 kB │ gzip:     0.25 kB
dist/assets/laptop-7tBIjFM9.js                                   0.33 kB │ gzip:     0.25 kB
dist/assets/mails-BENC4gr4.js                                    0.33 kB │ gzip:     0.26 kB
dist/assets/paint-roller-C6bkL_pv.js                             0.33 kB │ gzip:     0.24 kB
dist/assets/shrink-2JMfURHx.js                                   0.33 kB │ gzip:     0.24 kB
dist/assets/zodiac-cancer-Drwjuunu.js                            0.33 kB │ gzip:     0.24 kB
dist/assets/ampersands-CNpxZ1xi.js                               0.33 kB │ gzip:     0.22 kB
dist/assets/arrow-up-a-z-nxVasn9N.js                             0.33 kB │ gzip:     0.24 kB
dist/assets/audio-lines-D8mp_bmI.js                              0.33 kB │ gzip:     0.22 kB
dist/assets/calendar-check-DPbUzgAz.js                           0.33 kB │ gzip:     0.24 kB
dist/assets/gallery-thumbnails-Cu--4RQk.js                       0.33 kB │ gzip:     0.23 kB
dist/assets/mouse-off-Bu9IDVXa.js                                0.33 kB │ gzip:     0.24 kB
dist/assets/panel-right-dashed-C3D1qaXj.js                       0.33 kB │ gzip:     0.24 kB
dist/assets/table-cells-merge-Dh8seLMv.js                        0.33 kB │ gzip:     0.24 kB
dist/assets/arrow-up-z-a--XXR9HOe.js                             0.33 kB │ gzip:     0.24 kB
dist/assets/case-upper-C6vi7vsb.js                               0.33 kB │ gzip:     0.24 kB
dist/assets/dice-4-CFHZ9kxQ.js                                   0.33 kB │ gzip:     0.23 kB
dist/assets/joystick-DZ7tyvub.js                                 0.33 kB │ gzip:     0.24 kB
dist/assets/monitor-down-CfbHPMvN.js                             0.33 kB │ gzip:     0.25 kB
dist/assets/mouse-pointer-BYhRf75o.js                            0.33 kB │ gzip:     0.26 kB
dist/assets/panel-bottom-dashed-B1tXlZO3.js                      0.33 kB │ gzip:     0.24 kB
dist/assets/plane-lGqyXVo3.js                                    0.33 kB │ gzip:     0.27 kB
dist/assets/user-x-DGuBibaI.js                                   0.33 kB │ gzip:     0.25 kB
dist/assets/align-vertical-space-between-tOSCgRY8.js             0.33 kB │ gzip:     0.24 kB
dist/assets/arrow-up-0-1-C8zJlcYd.js                             0.33 kB │ gzip:     0.25 kB
dist/assets/arrow-up-1-0-DSotYfWN.js                             0.33 kB │ gzip:     0.25 kB
dist/assets/book-audio-V3gOn4mv.js                               0.33 kB │ gzip:     0.24 kB
dist/assets/git-pull-request-create-CID68ID-.js                  0.33 kB │ gzip:     0.24 kB
dist/assets/arrow-down-a-z-kqNGLRrr.js                           0.33 kB │ gzip:     0.24 kB
dist/assets/bookmark-plus-NBRMI5Kr.js                            0.33 kB │ gzip:     0.25 kB
dist/assets/chef-hat-BuVw1iis.js                                 0.33 kB │ gzip:     0.26 kB
dist/assets/cross-Bcxoi55S.js                                    0.33 kB │ gzip:     0.22 kB
dist/assets/laugh-BrXWiweJ.js                                    0.33 kB │ gzip:     0.24 kB
dist/assets/monitor-x-QC5sc0qK.js                                0.33 kB │ gzip:     0.24 kB
dist/assets/user-lock-BRllTT6h.js                                0.33 kB │ gzip:     0.26 kB
dist/assets/align-horizontal-space-between-CNZX8Rli.js           0.34 kB │ gzip:     0.24 kB
dist/assets/align-vertical-distribute-end-BVeI6hlu.js            0.34 kB │ gzip:     0.24 kB
dist/assets/arrow-down-z-a-DxEoXKC1.js                           0.34 kB │ gzip:     0.24 kB
dist/assets/brush-DWqtpVtY.js                                    0.34 kB │ gzip:     0.26 kB
dist/assets/folder-clock-BVQ86sNa.js                             0.34 kB │ gzip:     0.25 kB
dist/assets/inspection-panel-BOff3kkC.js                         0.34 kB │ gzip:     0.23 kB
dist/assets/sprout-BbBop5Gc.js                                   0.34 kB │ gzip:     0.24 kB
dist/assets/text-initial-BC_6TcwX.js                             0.34 kB │ gzip:     0.24 kB
dist/assets/tree-pine-NUtxdy_F.js                                0.34 kB │ gzip:     0.24 kB
dist/assets/align-vertical-distribute-start-aicqUIrB.js          0.34 kB │ gzip:     0.24 kB
dist/assets/arrow-down-0-1-BMBuHv4E.js                           0.34 kB │ gzip:     0.25 kB
dist/assets/arrow-down-1-0-CTrqAuvs.js                           0.34 kB │ gzip:     0.25 kB
dist/assets/box-Dq6OERBI.js                                      0.34 kB │ gzip:     0.24 kB
dist/assets/concierge-bell-DVcsN7ZK.js                           0.34 kB │ gzip:     0.24 kB
dist/assets/folder-up-CWFUmYs9.js                                0.34 kB │ gzip:     0.24 kB
dist/assets/message-square-plus-D2HUKwl0.js                      0.34 kB │ gzip:     0.25 kB
dist/assets/regex-BhUrvzPs.js                                    0.34 kB │ gzip:     0.23 kB
dist/assets/user-plus-DeEdBXmL.js                                0.34 kB │ gzip:     0.25 kB
dist/assets/align-horizontal-distribute-end-BjjacIRP.js          0.34 kB │ gzip:     0.24 kB
dist/assets/cloud-backup-CTtz7QUt.js                             0.34 kB │ gzip:     0.26 kB
dist/assets/file-exclamation-point-DmgAB4Vg.js                   0.34 kB │ gzip:     0.25 kB
dist/assets/file-minus-corner-DL77U1R5.js                        0.34 kB │ gzip:     0.25 kB
dist/assets/message-square-off-DT9YRx4n.js                       0.34 kB │ gzip:     0.26 kB
dist/assets/scissors-BnmBqy-A.js                                 0.34 kB │ gzip:     0.24 kB
dist/assets/align-horizontal-distribute-start-BSt3xsG1.js        0.34 kB │ gzip:     0.24 kB
dist/assets/book-type-DW1ucac6.js                                0.34 kB │ gzip:     0.25 kB
dist/assets/file-minus-BHaUTq-a.js                               0.34 kB │ gzip:     0.25 kB
dist/assets/hard-drive-upload-BpGmytDT.js                        0.34 kB │ gzip:     0.25 kB
dist/assets/zodiac-scorpio-sRbrTHF0.js                           0.34 kB │ gzip:     0.24 kB
dist/assets/folder-down-C8PvJQtd.js                              0.34 kB │ gzip:     0.25 kB
dist/assets/hard-drive-download-CbGcYqR5.js                      0.34 kB │ gzip:     0.25 kB
dist/assets/heart-minus-DtMhTgkR.js                              0.34 kB │ gzip:     0.27 kB
dist/assets/repeat-1-By-94Hyq.js                                 0.34 kB │ gzip:     0.24 kB
dist/assets/road-BOzceMmr.js                                     0.34 kB │ gzip:     0.24 kB
dist/assets/antenna-CADtfhRK.js                                  0.34 kB │ gzip:     0.22 kB
dist/assets/apple-C2kTzsXO.js                                    0.34 kB │ gzip:     0.25 kB
dist/assets/flag-off-jlQxBjKF.js                                 0.34 kB │ gzip:     0.26 kB
dist/assets/folder-input-BhNycwNV.js                             0.34 kB │ gzip:     0.24 kB
dist/assets/ice-cream-bowl-B7nMQnf5.js                           0.34 kB │ gzip:     0.24 kB
dist/assets/mail-plus-DH-Qb_x8.js                                0.34 kB │ gzip:     0.25 kB
dist/assets/saudi-riyal-Dpz-H7fn.js                              0.34 kB │ gzip:     0.25 kB
dist/assets/shield-half-ByyYQuzc.js                              0.34 kB │ gzip:     0.26 kB
dist/assets/shield-minus-nvhJHy7K.js                             0.34 kB │ gzip:     0.26 kB
dist/assets/sticky-note-minus-CkCs5gdn.js                        0.34 kB │ gzip:     0.25 kB
dist/assets/book-image-Di1BorYq.js                               0.34 kB │ gzip:     0.26 kB
dist/assets/bookmark-x-Cmvi6VeG.js                               0.34 kB │ gzip:     0.25 kB
dist/assets/bring-to-front-LMPmve0_.js                           0.34 kB │ gzip:     0.24 kB
dist/assets/chart-area-Bq2eC9Ew.js                               0.34 kB │ gzip:     0.25 kB
dist/assets/file-check-corner-C9xhoCAq.js                        0.34 kB │ gzip:     0.25 kB
dist/assets/folder-search-oxORTvgz.js                            0.34 kB │ gzip:     0.26 kB
dist/assets/folder-x-UG39bGaL.js                                 0.34 kB │ gzip:     0.25 kB
dist/assets/mail-x-BuNvNLNg.js                                   0.34 kB │ gzip:     0.25 kB
dist/assets/milestone-xTR8EMnb.js                                0.34 kB │ gzip:     0.24 kB
dist/assets/user-round-key-o4K9veaL.js                           0.34 kB │ gzip:     0.25 kB
dist/assets/badge-check-Ds-_CwNy.js                              0.34 kB │ gzip:     0.23 kB
dist/assets/folder-output-D7gE8u5j.js                            0.34 kB │ gzip:     0.24 kB
dist/assets/gavel-D0hVExJM.js                                    0.34 kB │ gzip:     0.24 kB
dist/assets/languages-DQaDXvax.js                                0.34 kB │ gzip:     0.24 kB
dist/assets/message-square-warning-DktIyQ3g.js                   0.34 kB │ gzip:     0.26 kB
dist/assets/banana-C6RIC5q7.js                                   0.34 kB │ gzip:     0.27 kB
dist/assets/git-pull-request-draft-C7afF281.js                   0.34 kB │ gzip:     0.24 kB
dist/assets/shapes-DqLU3ej2.js                                   0.34 kB │ gzip:     0.27 kB
dist/assets/signature-Dj5CI62e.js                                0.34 kB │ gzip:     0.26 kB
dist/assets/toilet-BMQnTTd6.js                                   0.34 kB │ gzip:     0.25 kB
dist/assets/videotape-CrrTGv-A.js                                0.34 kB │ gzip:     0.24 kB
dist/assets/cast-CBAZ90Y0.js                                     0.34 kB │ gzip:     0.25 kB
dist/assets/file-check-DZAuvWwj.js                               0.34 kB │ gzip:     0.25 kB
dist/assets/message-circle-x-RuSGvnDN.js                         0.34 kB │ gzip:     0.26 kB
dist/assets/message-square-x-Cg4W6NXz.js                         0.34 kB │ gzip:     0.25 kB
dist/assets/pencil-line-D0CNkyDs.js                              0.34 kB │ gzip:     0.26 kB
dist/assets/sticky-note-check-4KAdy7do.js                        0.34 kB │ gzip:     0.26 kB
dist/assets/table-of-contents-DQr1nqJW.js                        0.34 kB │ gzip:     0.22 kB
dist/assets/book-search-BxGZxMND.js                              0.35 kB │ gzip:     0.26 kB
dist/assets/hard-hat-CNyjg6y-.js                                 0.35 kB │ gzip:     0.25 kB
dist/assets/list-video-EXB9m-Sl.js                               0.35 kB │ gzip:     0.24 kB
dist/assets/printer-D0PsG3xq.js                                  0.35 kB │ gzip:     0.25 kB
dist/assets/star-half-Cwyy_LMa.js                                0.35 kB │ gzip:     0.26 kB
dist/assets/chunk-FMBD7UC4-5MQA4QOH.js                           0.35 kB │ gzip:     0.26 kB
dist/assets/diamond-plus-DX4H9hJe.js                             0.35 kB │ gzip:     0.24 kB
dist/assets/fuel-tok5AFwe.js                                     0.35 kB │ gzip:     0.24 kB
dist/assets/move-CqeUAD8t.js                                     0.35 kB │ gzip:     0.23 kB
dist/assets/square-pen-gIK6GP4a.js                               0.35 kB │ gzip:     0.26 kB
dist/assets/book-copy-6uFhJHeB.js                                0.35 kB │ gzip:     0.25 kB
dist/assets/cloud-moon-Bupy1iQr.js                               0.35 kB │ gzip:     0.27 kB
dist/assets/cup-soda-D2-wVJfw.js                                 0.35 kB │ gzip:     0.25 kB
dist/assets/folders-C8kP9rwF.js                                  0.35 kB │ gzip:     0.24 kB
dist/assets/git-pull-request-arrow-Dfc_jTZ8.js                   0.35 kB │ gzip:     0.25 kB
dist/assets/heart-x-hO4fkpIg.js                                  0.35 kB │ gzip:     0.25 kB
dist/assets/send-to-back-Bhj4cHSV.js                             0.35 kB │ gzip:     0.24 kB
dist/assets/square-stack-DAnphoB5.js                             0.35 kB │ gzip:     0.25 kB
dist/assets/stamp-YEf7Usrz.js                                    0.35 kB │ gzip:     0.25 kB
dist/assets/superscript-BlvlPgTv.js                              0.35 kB │ gzip:     0.27 kB
dist/assets/ticket-riPuwSkS.js                                   0.35 kB │ gzip:     0.23 kB
dist/assets/calendar-minus-DphfysyL.js                           0.35 kB │ gzip:     0.24 kB
dist/assets/folder-root-DtrduX7n.js                              0.35 kB │ gzip:     0.26 kB
dist/assets/hand-helping-tHcye2Az.js                             0.35 kB │ gzip:     0.27 kB
dist/assets/microwave-V_RIHl0e.js                                0.35 kB │ gzip:     0.24 kB
dist/assets/phone-pXwQDSLq.js                                    0.35 kB │ gzip:     0.25 kB
dist/assets/spell-check-2-Bu24FVwE.js                            0.35 kB │ gzip:     0.23 kB
dist/assets/a-large-small-yNwVjiTW.js                            0.35 kB │ gzip:     0.26 kB
dist/assets/eye-closed-N8zcy5tl.js                               0.35 kB │ gzip:     0.24 kB
dist/assets/funnel-plus-ClQKJAAN.js                              0.35 kB │ gzip:     0.26 kB
dist/assets/id-card-ev7ca-sO.js                                  0.35 kB │ gzip:     0.26 kB
dist/assets/message-square-code-DJrZetYP.js                      0.35 kB │ gzip:     0.26 kB
dist/assets/rotate-ccw-key-Brit5Shz.js                           0.35 kB │ gzip:     0.25 kB
dist/assets/screen-share-D2l111G6.js                             0.35 kB │ gzip:     0.24 kB
dist/assets/whole-word-DpP7Uata.js                               0.35 kB │ gzip:     0.25 kB
dist/assets/mail-warning-C53Krjj6.js                             0.35 kB │ gzip:     0.26 kB
dist/assets/message-circle-warning-01Tpl-7_.js                   0.35 kB │ gzip:     0.26 kB
dist/assets/tv-minimal-play-C2dN8tq8.js                          0.35 kB │ gzip:     0.27 kB
dist/assets/flip-horizontal-2-BVy5hN10.js                        0.35 kB │ gzip:     0.23 kB
dist/assets/squares-exclude-ge9YJ90D.js                          0.35 kB │ gzip:     0.24 kB
dist/assets/user-key-Dt4wcT5E.js                                 0.35 kB │ gzip:     0.25 kB
dist/assets/contact-round-RCsqljXM.js                            0.35 kB │ gzip:     0.26 kB
dist/assets/heading-5-C5Kul9pF.js                                0.35 kB │ gzip:     0.25 kB
dist/assets/library-big-HlduKqyH.js                              0.35 kB │ gzip:     0.28 kB
dist/assets/sailboat-BH9SwlMN.js                                 0.35 kB │ gzip:     0.25 kB
dist/assets/square-divide-DtEcovSL.js                            0.35 kB │ gzip:     0.24 kB
dist/assets/zodiac-virgo-D3Z4oqZ5.js                             0.35 kB │ gzip:     0.23 kB
dist/assets/battery-charging-Bfnhp8YD.js                         0.35 kB │ gzip:     0.25 kB
dist/assets/book-heart-B7k3Nin9.js                               0.35 kB │ gzip:     0.26 kB
dist/assets/fan-DpWDfTbN.js                                      0.35 kB │ gzip:     0.24 kB
dist/assets/screen-share-off-DzyHY7-l.js                         0.35 kB │ gzip:     0.24 kB
dist/assets/bell-minus-B0LC0U5q.js                               0.35 kB │ gzip:     0.27 kB
dist/assets/calendar-check-2-fxOmHZG9.js                         0.35 kB │ gzip:     0.24 kB
dist/assets/nfc-ClUX3LsX.js                                      0.35 kB │ gzip:     0.25 kB
dist/assets/volume-1-B4u_p8tn.js                                 0.35 kB │ gzip:     0.26 kB
dist/assets/wallet-cards-DoxQ1Wab.js                             0.35 kB │ gzip:     0.27 kB
dist/assets/badge-minus-CQk2GBPo.js                              0.36 kB │ gzip:     0.25 kB
dist/assets/map-pin-minus-C5iAXF-V.js                            0.36 kB │ gzip:     0.28 kB
dist/assets/notebook-CzAFsfci.js                                 0.36 kB │ gzip:     0.24 kB
dist/assets/shield-ban-BMQORTum.js                               0.36 kB │ gzip:     0.27 kB
dist/assets/tickets-rsxfK4cO.js                                  0.36 kB │ gzip:     0.26 kB
dist/assets/arrow-big-down-dash-C_sNqiXW.js                      0.36 kB │ gzip:     0.25 kB
dist/assets/arrow-big-left-dash-Bh2K1PZ6.js                      0.36 kB │ gzip:     0.25 kB
dist/assets/arrow-big-right-dash-DWIOXLYe.js                     0.36 kB │ gzip:     0.25 kB
dist/assets/flip-vertical-2-C4eOjtte.js                          0.36 kB │ gzip:     0.23 kB
dist/assets/folder-code-CIMoDYxn.js                              0.36 kB │ gzip:     0.25 kB
dist/assets/funnel-x-BSUNigX2.js                                 0.36 kB │ gzip:     0.26 kB
dist/assets/git-fork-v5JQqAty.js                                 0.36 kB │ gzip:     0.25 kB
dist/assets/arrow-big-up-dash-pQ1OFEPB.js                        0.36 kB │ gzip:     0.26 kB
dist/assets/bath-Cq57WnEi.js                                     0.36 kB │ gzip:     0.24 kB
dist/assets/message-circle-code-CqYUWxDg.js                      0.36 kB │ gzip:     0.27 kB
dist/assets/scan-line-BUzbzT6c.js                                0.36 kB │ gzip:     0.24 kB
dist/assets/creative-commons-CT3b1IdK.js                         0.36 kB │ gzip:     0.23 kB
dist/assets/scooter-D81eyJ7Z.js                                  0.36 kB │ gzip:     0.26 kB
dist/assets/file-chart-line-3jAU6ny7.js                          0.36 kB │ gzip:     0.26 kB
dist/assets/heart-pulse-Cj1IGf6Y.js                              0.36 kB │ gzip:     0.27 kB
dist/assets/layers-2-Cxc9V9fz.js                                 0.36 kB │ gzip:     0.25 kB
dist/assets/ticket-percent-B4IhfARB.js                           0.36 kB │ gzip:     0.25 kB
dist/assets/gem-Dirdb3LA.js                                      0.36 kB │ gzip:     0.26 kB
dist/assets/heading-3-CSCfdBHk.js                                0.36 kB │ gzip:     0.25 kB
dist/assets/pin-off-CZzKleC6.js                                  0.36 kB │ gzip:     0.26 kB
dist/assets/book-open-check-ORTt-XNM.js                          0.36 kB │ gzip:     0.25 kB
dist/assets/clipboard-plus-D5hxUv4J.js                           0.36 kB │ gzip:     0.26 kB
dist/assets/clipboard-x-CGu4A6iz.js                              0.36 kB │ gzip:     0.26 kB
dist/assets/contact-DAgC9OdB.js                                  0.36 kB │ gzip:     0.26 kB
dist/assets/file-question-mark-DIKu7hTp.js                       0.36 kB │ gzip:     0.26 kB
dist/assets/message-square-reply-EP_34kPg.js                     0.36 kB │ gzip:     0.26 kB
dist/assets/spool-z1aP6tBc.js                                    0.36 kB │ gzip:     0.26 kB
dist/assets/wallpaper-OWV59fDh.js                                0.36 kB │ gzip:     0.27 kB
dist/assets/book-lock-BaDU_50W.js                                0.36 kB │ gzip:     0.27 kB
dist/assets/bottle-wine-BjPbpxet.js                              0.36 kB │ gzip:     0.25 kB
dist/assets/camera-CTJykPYH.js                                   0.36 kB │ gzip:     0.27 kB
dist/assets/cooking-pot-DMdeKEl1.js                              0.36 kB │ gzip:     0.26 kB
dist/assets/folder-search-2-BglsQULD.js                          0.36 kB │ gzip:     0.26 kB
dist/assets/calendar-x-CclI_ETX.js                               0.36 kB │ gzip:     0.25 kB
dist/assets/image-down-C4TfFuJB.js                               0.36 kB │ gzip:     0.27 kB
dist/assets/image-up-CUF28ri0.js                                 0.36 kB │ gzip:     0.27 kB
dist/assets/init-CbPqLdvS.js                                     0.36 kB │ gzip:     0.17 kB
dist/assets/list-restart-DBA_RqRa.js                             0.36 kB │ gzip:     0.25 kB
dist/assets/calendar-plus-2-DmMpBGib.js                          0.36 kB │ gzip:     0.25 kB
dist/assets/drafting-compass-BKo4-X1r.js                         0.36 kB │ gzip:     0.27 kB
dist/assets/flashlight-DmPml3p5.js                               0.36 kB │ gzip:     0.26 kB
dist/assets/focus-C-XBrXTb.js                                    0.36 kB │ gzip:     0.25 kB
dist/assets/lectern-CPgcCJcP.js                                  0.36 kB │ gzip:     0.27 kB
dist/assets/package-2-DWgk8Nb7.js                                0.36 kB │ gzip:     0.26 kB
dist/assets/type-outline-Dvtggt1F.js                             0.36 kB │ gzip:     0.23 kB
dist/assets/bitcoin-DqQRaLAY.js                                  0.37 kB │ gzip:     0.28 kB
dist/assets/book-key-BJz5lF_y.js                                 0.37 kB │ gzip:     0.26 kB
dist/assets/database-zap-CyxsRZjS.js                             0.37 kB │ gzip:     0.26 kB
dist/assets/loader-pinwheel-Dc4b5O9j.js                          0.37 kB │ gzip:     0.25 kB
dist/assets/angry-CdsaDbAq.js                                    0.37 kB │ gzip:     0.25 kB
dist/assets/archive-restore-PVKh-Y0M.js                          0.37 kB │ gzip:     0.26 kB
dist/assets/battery-warning-BHm8X5WI.js                          0.37 kB │ gzip:     0.25 kB
dist/assets/file-down-DwzrK-nP.js                                0.37 kB │ gzip:     0.25 kB
dist/assets/folder-lock-CW4dZXjo.js                              0.37 kB │ gzip:     0.27 kB
dist/assets/picture-in-picture-77ZvhZGf.js                       0.37 kB │ gzip:     0.26 kB
dist/assets/shopping-bag-COG-ibQL.js                             0.37 kB │ gzip:     0.26 kB
dist/assets/weight-tilde-zTbwrTRJ.js                             0.37 kB │ gzip:     0.27 kB
dist/assets/air-vent-tyc5a3f6.js                                 0.37 kB │ gzip:     0.26 kB
dist/assets/ethernet-port-DLnDY36M.js                            0.37 kB │ gzip:     0.24 kB
dist/assets/file-symlink-H2e_5EcP.js                             0.37 kB │ gzip:     0.26 kB
dist/assets/image-minus-CLN_lqAZ.js                              0.37 kB │ gzip:     0.27 kB
dist/assets/timer-off-7j1uBcss.js                                0.37 kB │ gzip:     0.25 kB
dist/assets/user-pen-Bv3xxX1z.js                                 0.37 kB │ gzip:     0.28 kB
dist/assets/alarm-clock-minus-B1KAc1ZE.js                        0.37 kB │ gzip:     0.25 kB
dist/assets/citrus-IVHH-eK2.js                                   0.37 kB │ gzip:     0.27 kB
dist/assets/folder-key-DwNR6guK.js                               0.37 kB │ gzip:     0.26 kB
dist/assets/mouse-pointer-ban-C3ULlCyh.js                        0.37 kB │ gzip:     0.28 kB
dist/assets/stethoscope-CBES1Q6P.js                              0.37 kB │ gzip:     0.25 kB
dist/assets/accessibility-BDhv9ZId.js                            0.37 kB │ gzip:     0.27 kB
dist/assets/globe-lock-D14DWHkB.js                               0.37 kB │ gzip:     0.27 kB
dist/assets/utility-pole-DFjtyWaS.js                             0.37 kB │ gzip:     0.23 kB
dist/assets/venetian-mask-B8_IzC54.js                            0.37 kB │ gzip:     0.25 kB
dist/assets/file-x-corner-krOFb4Fg.js                            0.37 kB │ gzip:     0.26 kB
dist/assets/git-pull-request-closed-DnygRJQR.js                  0.37 kB │ gzip:     0.25 kB
dist/assets/newspaper-CP9E9tV9.js                                0.37 kB │ gzip:     0.26 kB
dist/assets/bell-dot-C13V0-Eg.js                                 0.37 kB │ gzip:     0.29 kB
dist/assets/dice-5-WbO2kzcA.js                                   0.37 kB │ gzip:     0.24 kB
dist/assets/heart-plus-DQD73TQY.js                               0.37 kB │ gzip:     0.28 kB
dist/assets/house-heart-KuQzMxCf.js                              0.37 kB │ gzip:     0.26 kB
dist/assets/message-square-quote-CTVjyUz7.js                     0.37 kB │ gzip:     0.26 kB
dist/assets/octagon-BeXjsxhw.js                                  0.37 kB │ gzip:     0.24 kB
dist/assets/pen-off-C5dr2EVG.js                                  0.37 kB │ gzip:     0.27 kB
dist/assets/folder-open-dot-B-42hE11.js                          0.37 kB │ gzip:     0.27 kB
dist/assets/lamp-DfO2DLaE.js                                     0.37 kB │ gzip:     0.26 kB
dist/assets/layout-grid-CBRd2yMj.js                              0.37 kB │ gzip:     0.21 kB
dist/assets/map-pin-check-8ZbU8bPK.js                            0.37 kB │ gzip:     0.29 kB
dist/assets/message-square-lock-DLUo3oDa.js                      0.37 kB │ gzip:     0.28 kB
dist/assets/smartphone-nfc-BGRsmYfw.js                           0.37 kB │ gzip:     0.27 kB
dist/assets/stone-D7kXKN0h.js                                    0.37 kB │ gzip:     0.26 kB
dist/assets/currency-Vlq03ZKh.js                                 0.37 kB │ gzip:     0.23 kB
dist/assets/decimals-arrow-right-DMqrPi1v.js                     0.37 kB │ gzip:     0.25 kB
dist/assets/droplet-off-Bq1M46hD.js                              0.37 kB │ gzip:     0.28 kB
dist/assets/gpu-DaaKGa21.js                                      0.37 kB │ gzip:     0.25 kB
dist/assets/message-square-diff-Mm2ulyRQ.js                      0.37 kB │ gzip:     0.26 kB
dist/assets/paw-print-jN-Oilmr.js                                0.37 kB │ gzip:     0.27 kB
dist/assets/skull-Cu3_jf4q.js                                    0.37 kB │ gzip:     0.26 kB
dist/assets/sticky-note-x-Dy0HurGP.js                            0.37 kB │ gzip:     0.26 kB
dist/assets/alarm-clock-check-Wlmqqflg.js                        0.37 kB │ gzip:     0.26 kB
dist/assets/blinds-BhNa0Cwc.js                                   0.37 kB │ gzip:     0.25 kB
dist/assets/chart-bar-stacked-xIFzDWkT.js                        0.37 kB │ gzip:     0.25 kB
dist/assets/cuboid-CPrG4gqG.js                                   0.37 kB │ gzip:     0.26 kB
dist/assets/land-plot-DvjH0FsT.js                                0.37 kB │ gzip:     0.26 kB
dist/assets/monitor-speaker-BZCNE8xe.js                          0.37 kB │ gzip:     0.28 kB
dist/assets/washing-machine-DcvBk0ft.js                          0.37 kB │ gzip:     0.27 kB
dist/assets/file-plus-C568uoCA.js                                0.38 kB │ gzip:     0.26 kB
dist/assets/file-plus-corner-yfhXp_w1.js                         0.38 kB │ gzip:     0.26 kB
dist/assets/folder-kanban-BMFnCG98.js                            0.38 kB │ gzip:     0.26 kB
dist/assets/locate-L7olVGm8.js                                   0.38 kB │ gzip:     0.24 kB
dist/assets/podcast-BAYbzDpG.js                                  0.38 kB │ gzip:     0.27 kB
dist/assets/shield-plus-CvixpJZE.js                              0.38 kB │ gzip:     0.28 kB
dist/assets/chess-pawn-DIrWwlS6.js                               0.38 kB │ gzip:     0.26 kB
dist/assets/copy-x-CvFMuLUV.js                                   0.38 kB │ gzip:     0.27 kB
dist/assets/battery-plus-BvbTz9gP.js                             0.38 kB │ gzip:     0.26 kB
dist/assets/chart-column-stacked-0PeOr1b7.js                     0.38 kB │ gzip:     0.26 kB
dist/assets/layout-dashboard-BHCyzsbn.js                         0.38 kB │ gzip:     0.23 kB
dist/assets/monitor-off-DYNY_8HA.js                              0.38 kB │ gzip:     0.26 kB
dist/assets/book-up-2-lfvFHFeg.js                                0.38 kB │ gzip:     0.25 kB
dist/assets/book-headphones-C_Mz8fcN.js                          0.38 kB │ gzip:     0.27 kB
dist/assets/circuit-board-CBScI3hO.js                            0.38 kB │ gzip:     0.26 kB
dist/assets/copy-plus-BZ9q8H_b.js                                0.38 kB │ gzip:     0.28 kB
dist/assets/crosshair-CGBd6aUk.js                                0.38 kB │ gzip:     0.24 kB
dist/assets/file-up-D-yuvypO.js                                  0.38 kB │ gzip:     0.26 kB
dist/assets/folder-git-DszZFIxK.js                               0.38 kB │ gzip:     0.26 kB
dist/assets/metronome-B-D3Q6Rq.js                                0.38 kB │ gzip:     0.28 kB
dist/assets/plug-zap-CRtWcGIy.js                                 0.38 kB │ gzip:     0.26 kB
dist/assets/train-track-DBjQrf8s.js                              0.38 kB │ gzip:     0.23 kB
dist/assets/diameter-DhEWuFAL.js                                 0.38 kB │ gzip:     0.25 kB
dist/assets/file-axis-3d-ZA4PBozP.js                             0.38 kB │ gzip:     0.27 kB
dist/assets/message-square-more-0A2RyEap.js                      0.38 kB │ gzip:     0.26 kB
dist/assets/git-pull-request-create-arrow-CMPvxeD0.js            0.38 kB │ gzip:     0.27 kB
dist/assets/house-plus-Bb6V2khD.js                               0.38 kB │ gzip:     0.26 kB
dist/assets/orbit-DwHEN8zq.js                                    0.38 kB │ gzip:     0.26 kB
dist/assets/sport-shoe-C6gmDlzA.js                               0.38 kB │ gzip:     0.28 kB
dist/assets/sticky-note-plus-DQol6LVx.js                         0.38 kB │ gzip:     0.27 kB
dist/assets/LineChart-af8O_01V.js                                0.38 kB │ gzip:     0.27 kB
dist/assets/cigarette-5stvVZsk.js                                0.38 kB │ gzip:     0.24 kB
dist/assets/dessert-DmCJi28I.js                                  0.38 kB │ gzip:     0.27 kB
dist/assets/door-closed-locked-BZvKHOUw.js                       0.38 kB │ gzip:     0.27 kB
dist/assets/file-x-DKdGPhef.js                                   0.38 kB │ gzip:     0.26 kB
dist/assets/folder-heart-B_fefGUT.js                             0.38 kB │ gzip:     0.28 kB
dist/assets/glasses-Dfg9yCfY.js                                  0.38 kB │ gzip:     0.26 kB
dist/assets/lightbulb-off-CQeYlwyS.js                            0.38 kB │ gzip:     0.27 kB
dist/assets/list-ordered-DqL4ILAo.js                             0.38 kB │ gzip:     0.25 kB
dist/assets/monitor-play-ChJcY1ss.js                             0.38 kB │ gzip:     0.28 kB
dist/assets/share-2-DWc4E0SS.js                                  0.38 kB │ gzip:     0.25 kB
dist/assets/shield-x-DTZL8WRd.js                                 0.38 kB │ gzip:     0.28 kB
dist/assets/turtle-CyQxtgok.js                                   0.38 kB │ gzip:     0.25 kB
dist/assets/file-terminal-D-RmOQjk.js                            0.38 kB │ gzip:     0.26 kB
dist/assets/bell-plus-UeXWbbdY.js                                0.39 kB │ gzip:     0.28 kB
dist/assets/calendar-x-2-DIklr9MT.js                             0.39 kB │ gzip:     0.25 kB
dist/assets/cookie-wrTxeL1i.js                                   0.39 kB │ gzip:     0.24 kB
dist/assets/file-input-DOjCF04q.js                               0.39 kB │ gzip:     0.27 kB
dist/assets/speech-CoPTEXm9.js                                   0.39 kB │ gzip:     0.28 kB
dist/assets/switch-camera-BUer1-bI.js                            0.39 kB │ gzip:     0.26 kB
dist/assets/binary-DsGHq3Hy.js                                   0.39 kB │ gzip:     0.25 kB
dist/assets/card-sim-B_r0ALL2.js                                 0.39 kB │ gzip:     0.27 kB
dist/assets/clapperboard-B9qi4AW3.js                             0.39 kB │ gzip:     0.28 kB
dist/assets/fullscreen-cZsrqphd.js                               0.39 kB │ gzip:     0.27 kB
dist/assets/lamp-wall-down-BADd3Y5e.js                           0.39 kB │ gzip:     0.26 kB
dist/assets/lamp-wall-up-D2J8WvrV.js                             0.39 kB │ gzip:     0.26 kB
dist/assets/mic-vocal-BNj4Hon6.js                                0.39 kB │ gzip:     0.30 kB
dist/assets/badge-cent-0qmsO1FK.js                               0.39 kB │ gzip:     0.25 kB
dist/assets/badge-euro-BWYm6-if.js                               0.39 kB │ gzip:     0.25 kB
dist/assets/layout-list-DRTxXK7m.js                              0.39 kB │ gzip:     0.24 kB
dist/assets/syringe-M6JboMaQ.js                                  0.39 kB │ gzip:     0.26 kB
dist/assets/calendar-plus-BXCJMuEt.js                            0.39 kB │ gzip:     0.25 kB
dist/assets/mailbox-_7Jk-JEe.js                                  0.39 kB │ gzip:     0.28 kB
dist/assets/message-circle-more-3qX2Dq6C.js                      0.39 kB │ gzip:     0.27 kB
dist/assets/parking-meter-JyhnXOaR.js                            0.39 kB │ gzip:     0.26 kB
dist/assets/snail-DHPjbQlH.js                                    0.39 kB │ gzip:     0.28 kB
dist/assets/utensils-crossed-2Iq0r0oc.js                         0.39 kB │ gzip:     0.27 kB
dist/assets/captions-off-BojLYKRr.js                             0.39 kB │ gzip:     0.25 kB
dist/assets/house-wifi-DlOXoClt.js                               0.39 kB │ gzip:     0.27 kB
dist/assets/armchair-BuVPnoCp.js                                 0.39 kB │ gzip:     0.25 kB
dist/assets/watch-CP8QYtEH.js                                    0.39 kB │ gzip:     0.27 kB
dist/assets/bell-off-0Ma0kBlZ.js                                 0.39 kB │ gzip:     0.28 kB
dist/assets/file-music-Bjf5SsH7.js                               0.39 kB │ gzip:     0.28 kB
dist/assets/folder-git-2-C8btLoWr.js                             0.39 kB │ gzip:     0.27 kB
dist/assets/map-pin-plus-Cnh0-4aY.js                             0.39 kB │ gzip:     0.29 kB
dist/assets/src-AEHDFCS5-BA2nkXhV.js                             0.39 kB │ gzip:     0.24 kB
dist/assets/trees-COjvkCFc.js                                    0.39 kB │ gzip:     0.26 kB
dist/assets/birdhouse-CbEuC0et.js                                0.39 kB │ gzip:     0.28 kB
dist/assets/cake-slice-DURxHYKo.js                               0.39 kB │ gzip:     0.29 kB
dist/assets/square-dashed-bottom-code-BHWHi8Io.js                0.39 kB │ gzip:     0.26 kB
dist/assets/folder-archive-DhP0I15I.js                           0.39 kB │ gzip:     0.28 kB
dist/assets/badge-turkish-lira-CrkK8njo.js                       0.40 kB │ gzip:     0.26 kB
dist/assets/clipboard-clock-B4-Unf6G.js                          0.40 kB │ gzip:     0.28 kB
dist/assets/file-search-corner-BrC1DEZ-.js                       0.40 kB │ gzip:     0.29 kB
dist/assets/sheet-f9B_I-vu.js                                    0.40 kB │ gzip:     0.25 kB
dist/assets/alarm-clock-off-0hABqwDh.js                          0.40 kB │ gzip:     0.26 kB
dist/assets/caravan-BRfuDVrS.js                                  0.40 kB │ gzip:     0.26 kB
dist/assets/images-pWDlN3XQ.js                                   0.40 kB │ gzip:     0.29 kB
dist/assets/message-circle-off-CV7RK9Gk.js                       0.40 kB │ gzip:     0.28 kB
dist/assets/calendar-arrow-up-Bfr8yRbP.js                        0.40 kB │ gzip:     0.26 kB
dist/assets/circle-pile-6rEklCAU.js                              0.40 kB │ gzip:     0.21 kB
dist/assets/ev-charger-CyEWBf9z.js                               0.40 kB │ gzip:     0.26 kB
dist/assets/map-pin-x-Cs2TKKeO.js                                0.40 kB │ gzip:     0.29 kB
dist/assets/square-parking-off-3h3ztadp.js                       0.40 kB │ gzip:     0.27 kB
dist/assets/touchpad-off-e93RrVYh.js                             0.40 kB │ gzip:     0.26 kB
dist/assets/door-open-CV4w4CFC.js                                0.40 kB │ gzip:     0.27 kB
dist/assets/file-code-BMOMmORn.js                                0.40 kB │ gzip:     0.27 kB
dist/assets/file-user-BPPAFfEN.js                                0.40 kB │ gzip:     0.28 kB
dist/assets/milk-CoclPPyF.js                                     0.40 kB │ gzip:     0.27 kB
dist/assets/tent-tree-ErvXZDL2.js                                0.40 kB │ gzip:     0.26 kB
dist/assets/vibrate-off-hgSOr5mk.js                              0.40 kB │ gzip:     0.27 kB
dist/assets/badge-russian-ruble-MtZCXHTV.js                      0.40 kB │ gzip:     0.26 kB
dist/assets/bird-io1c6eLV.js                                     0.40 kB │ gzip:     0.27 kB
dist/assets/droplets-e1dx9hHW.js                                 0.40 kB │ gzip:     0.30 kB
dist/assets/file-stack-DGRzF72p.js                               0.40 kB │ gzip:     0.25 kB
dist/assets/flask-conical-off-Cxfi9P9s.js                        0.40 kB │ gzip:     0.27 kB
dist/assets/mouse-pointer-2-off-CxnKW22x.js                      0.40 kB │ gzip:     0.29 kB
dist/assets/refresh-ccw-dot-C5G5hLkb.js                          0.40 kB │ gzip:     0.27 kB
dist/assets/sparkle-DqzQTjZG.js                                  0.40 kB │ gzip:     0.24 kB
dist/assets/banknote-x-ByJkcq10.js                               0.40 kB │ gzip:     0.27 kB
dist/assets/gamepad-BSW4iTZw.js                                  0.40 kB │ gzip:     0.26 kB
dist/assets/hd-CrzDYXES.js                                       0.40 kB │ gzip:     0.27 kB
dist/assets/pipette-C_JQHNpL.js                                  0.40 kB │ gzip:     0.27 kB
dist/assets/radio-BWJA63D5.js                                    0.40 kB │ gzip:     0.27 kB
dist/assets/signpost-DANY-nuk.js                                 0.40 kB │ gzip:     0.26 kB
dist/assets/briefcase-medical-jOIGQ4li.js                        0.40 kB │ gzip:     0.27 kB
dist/assets/git-branch-plus-Cx894sf0.js                          0.40 kB │ gzip:     0.25 kB
dist/assets/id-card-lanyard-Dg3F3OKI.js                          0.40 kB │ gzip:     0.28 kB
dist/assets/printer-check-BZ16RZwj.js                            0.40 kB │ gzip:     0.26 kB
dist/assets/smile-plus-Cpm76XfL.js                               0.40 kB │ gzip:     0.26 kB
dist/assets/warehouse-BRMJu2l1.js                                0.40 kB │ gzip:     0.27 kB
dist/assets/axe-Bbr3n8kc.js                                      0.40 kB │ gzip:     0.28 kB
dist/assets/calendar-arrow-down-oH9E6Fkn.js                      0.40 kB │ gzip:     0.26 kB
dist/assets/cassette-tape-CFDBm0hd.js                            0.40 kB │ gzip:     0.28 kB
dist/assets/clipboard-type-s3utWhV4.js                           0.40 kB │ gzip:     0.27 kB
dist/assets/folder-pen-CRqwK7UC.js                               0.40 kB │ gzip:     0.29 kB
dist/assets/git-compare-arrows-DhXZtk02.js                       0.40 kB │ gzip:     0.27 kB
dist/assets/diamond-percent-CfXS1-tP.js                          0.40 kB │ gzip:     0.26 kB
dist/assets/alarm-clock-plus-8Ot7LFNt.js                         0.40 kB │ gzip:     0.27 kB
dist/assets/badge-x-Dtg1k0_c.js                                  0.40 kB │ gzip:     0.26 kB
dist/assets/beef-Cgzc0NxU.js                                     0.40 kB │ gzip:     0.31 kB
dist/assets/map-pin-pen-N04UG-54.js                              0.40 kB │ gzip:     0.30 kB
dist/assets/sticky-note-off-C5mRM2zF.js                          0.40 kB │ gzip:     0.27 kB
dist/assets/tram-front-CEHfVAA_.js                               0.40 kB │ gzip:     0.27 kB
dist/assets/waves-ladder-CWcDbVCL.js                             0.40 kB │ gzip:     0.26 kB
dist/assets/clipboard-copy-CjgEkMDR.js                           0.41 kB │ gzip:     0.28 kB
dist/assets/router-UJgJyUnx.js                                   0.41 kB │ gzip:     0.27 kB
dist/assets/life-buoy-D6KUyOag.js                                0.41 kB │ gzip:     0.25 kB
dist/assets/luggage-C5sJ4Zd_.js                                  0.41 kB │ gzip:     0.26 kB
dist/assets/drum-t3sjWmZe.js                                     0.41 kB │ gzip:     0.26 kB
dist/assets/file-lock-BAIezldr.js                                0.41 kB │ gzip:     0.29 kB
dist/assets/hospital-vhT8wv7u.js                                 0.41 kB │ gzip:     0.25 kB
dist/assets/image-play-Ctp9hf9u.js                               0.41 kB │ gzip:     0.28 kB
dist/assets/popcorn-DVhDJdGa.js                                  0.41 kB │ gzip:     0.27 kB
dist/assets/badge-plus-CiBzhxQO.js                               0.41 kB │ gzip:     0.26 kB
dist/assets/building-2-R-nPOQQf.js                               0.41 kB │ gzip:     0.25 kB
dist/assets/dice-6-Bktammwq.js                                   0.41 kB │ gzip:     0.25 kB
dist/assets/message-circle-heart-D6H0EjHh.js                     0.41 kB │ gzip:     0.30 kB
dist/assets/paintbrush-vertical-lzMx06oX.js                      0.41 kB │ gzip:     0.26 kB
dist/assets/shuffle-CFg0rYYj.js                                  0.41 kB │ gzip:     0.26 kB
dist/assets/train-front-CGQwxBRU.js                              0.41 kB │ gzip:     0.27 kB
dist/assets/align-vertical-distribute-center-DUgWtQvq.js         0.41 kB │ gzip:     0.26 kB
dist/assets/banknote-arrow-up-BqYBSYF-.js                        0.41 kB │ gzip:     0.27 kB
dist/assets/cloud-sync-ilTomAkw.js                               0.41 kB │ gzip:     0.28 kB
dist/assets/map-pin-search-DF2lMkQl.js                           0.41 kB │ gzip:     0.29 kB
dist/assets/microscope-CvdeUfzi.js                               0.41 kB │ gzip:     0.26 kB
dist/assets/banknote-arrow-down-CLcSrKne.js                      0.41 kB │ gzip:     0.27 kB
dist/assets/calendar-search-D-LG0k3N.js                          0.41 kB │ gzip:     0.27 kB
dist/assets/calendars-DrRaM7lt.js                                0.41 kB │ gzip:     0.27 kB
dist/assets/file-key-CSfQt_ev.js                                 0.41 kB │ gzip:     0.29 kB
dist/assets/heart-off-OPDPKGG6.js                                0.41 kB │ gzip:     0.30 kB
dist/assets/landmark-CO7bSDa4.js                                 0.41 kB │ gzip:     0.26 kB
dist/assets/view-Bsdfydn7.js                                     0.41 kB │ gzip:     0.27 kB
dist/assets/align-horizontal-distribute-center-CIw-uVai.js       0.41 kB │ gzip:     0.27 kB
dist/assets/badge-dollar-sign-BAimbwTN.js                        0.41 kB │ gzip:     0.26 kB
dist/assets/badge-info-BfvfBOtZ.js                               0.41 kB │ gzip:     0.26 kB
dist/assets/baggage-claim-DNvjrnPV.js                            0.41 kB │ gzip:     0.28 kB
dist/assets/calendar-off-C1dGNeFt.js                             0.41 kB │ gzip:     0.27 kB
dist/assets/pencil-off-DO0F5bus.js                               0.41 kB │ gzip:     0.29 kB
dist/assets/thermometer-sun-CJRt5KNB.js                          0.41 kB │ gzip:     0.27 kB
dist/assets/cannabis-CNKZ4atK.js                                 0.41 kB │ gzip:     0.28 kB
dist/assets/expand-DxVBG05_.js                                   0.41 kB │ gzip:     0.25 kB
dist/assets/octagon-minus-BzJIlDrr.js                            0.41 kB │ gzip:     0.26 kB
dist/assets/pocket-knife-ybFHKNCE.js                             0.41 kB │ gzip:     0.27 kB
dist/assets/projector-CcPKdub-.js                                0.41 kB │ gzip:     0.27 kB
dist/assets/scan-search-BcwbK1J-.js                              0.41 kB │ gzip:     0.27 kB
dist/assets/shield-user-BmfRtNs7.js                              0.41 kB │ gzip:     0.31 kB
dist/assets/badge-alert-B95NlIWe.js                              0.41 kB │ gzip:     0.26 kB
dist/assets/file-heart-W_y_k6HU.js                               0.41 kB │ gzip:     0.29 kB
dist/assets/hard-drive-CX_w1qGJ.js                               0.41 kB │ gzip:     0.27 kB
dist/assets/locate-off-ZzF9Ubtd.js                               0.41 kB │ gzip:     0.26 kB
dist/assets/swatch-book-DjFXRd69.js                              0.41 kB │ gzip:     0.28 kB
dist/assets/backpack-BED0Y23z.js                                 0.42 kB │ gzip:     0.25 kB
dist/assets/bandage-DljxTDBw.js                                  0.42 kB │ gzip:     0.25 kB
dist/assets/file-headphone-BRQBQkSf.js                           0.42 kB │ gzip:     0.28 kB
dist/assets/motorbike-DrDRP6_H.js                                0.42 kB │ gzip:     0.28 kB
dist/assets/shield-question-mark-ClNjFKdD.js                     0.42 kB │ gzip:     0.30 kB
dist/assets/badge-percent-Bb9PdH0s.js                            0.42 kB │ gzip:     0.26 kB
dist/assets/volume-2-BMidAUhl.js                                 0.42 kB │ gzip:     0.29 kB
dist/assets/volume-x-CiarN01W.js                                 0.42 kB │ gzip:     0.29 kB
dist/assets/calendar-fold-DI5DAG2K.js                            0.42 kB │ gzip:     0.27 kB
dist/assets/cloud-sun-CPlR2hoH.js                                0.42 kB │ gzip:     0.28 kB
dist/assets/hat-glasses-_fZbG7EG.js                              0.42 kB │ gzip:     0.28 kB
dist/assets/mic-off-CuM9g2Ik.js                                  0.42 kB │ gzip:     0.27 kB
dist/assets/sun-moon-rGHi8-WS.js                                 0.42 kB │ gzip:     0.29 kB
dist/assets/badge-swiss-franc-B9-_bJgW.js                        0.42 kB │ gzip:     0.26 kB
dist/assets/spline-pointer-Rg2Of6VU.js                           0.42 kB │ gzip:     0.30 kB
dist/assets/worm-CN2nNdsT.js                                     0.42 kB │ gzip:     0.30 kB
dist/assets/cloud-drizzle--aN-taOu.js                            0.42 kB │ gzip:     0.26 kB
dist/assets/jsx-runtime-CyI9ICYU.js                              0.42 kB │ gzip:     0.29 kB
dist/assets/fold-horizontal-DOW0fegM.js                          0.42 kB │ gzip:     0.25 kB
dist/assets/hand-metal-BHNCk35-.js                               0.42 kB │ gzip:     0.28 kB
dist/assets/square-centerline-dashed-horizontal-C-bxaz0_.js      0.42 kB │ gzip:     0.27 kB
dist/assets/candy-cane-DPboj1H-.js                               0.42 kB │ gzip:     0.29 kB
dist/assets/database-search-DQ1eU_RE.js                          0.42 kB │ gzip:     0.28 kB
dist/assets/hammer-MK09xUjB.js                                   0.42 kB │ gzip:     0.30 kB
dist/assets/mail-question-mark-BX_SlvMc.js                       0.42 kB │ gzip:     0.30 kB
dist/assets/square-centerline-dashed-vertical-DID3PmCy.js        0.42 kB │ gzip:     0.26 kB
dist/assets/unfold-horizontal-DF4Eh6tR.js                        0.42 kB │ gzip:     0.25 kB
dist/assets/cloud-hail-BOChab-h.js                               0.42 kB │ gzip:     0.26 kB
dist/assets/file-chart-column-BeoQXMqM.js                        0.42 kB │ gzip:     0.28 kB
dist/assets/fold-vertical-C89_aBDV.js                            0.42 kB │ gzip:     0.25 kB
dist/assets/baby-87Fw1PvH.js                                     0.42 kB │ gzip:     0.28 kB
dist/assets/bell-electric-Cze7o25p.js                            0.42 kB │ gzip:     0.29 kB
dist/assets/bell-ring-CzEwAwV8.js                                0.42 kB │ gzip:     0.30 kB
dist/assets/scissors-line-dashed-DTVB2VnC.js                     0.42 kB │ gzip:     0.27 kB
dist/assets/shield-ellipsis-BiUxKyfZ.js                          0.42 kB │ gzip:     0.29 kB
dist/assets/sofa-P0FTWvGb.js                                     0.42 kB │ gzip:     0.26 kB
dist/assets/test-tubes-D0TcsUgv.js                               0.42 kB │ gzip:     0.25 kB
dist/assets/chess-bishop-BzX75J8w.js                             0.42 kB │ gzip:     0.29 kB
dist/assets/circle-parking-off-B8BqMIF1.js                       0.42 kB │ gzip:     0.28 kB
dist/assets/ruler-uGr3sXi7.js                                    0.42 kB │ gzip:     0.26 kB
dist/assets/umbrella-off-DfDkyAcm.js                             0.42 kB │ gzip:     0.28 kB
dist/assets/unfold-vertical-BUjocM2n.js                          0.42 kB │ gzip:     0.25 kB
dist/assets/chart-no-axes-combined-D8_5kT9w.js                   0.43 kB │ gzip:     0.28 kB
dist/assets/map-pinned-CRzkhf2O.js                               0.43 kB │ gzip:     0.31 kB
dist/assets/text-cursor-input-WNufm8-L.js                        0.43 kB │ gzip:     0.26 kB
dist/assets/car-front-NzOXHHsi.js                                0.43 kB │ gzip:     0.29 kB
dist/assets/file-image-Cwgu2FZE.js                               0.43 kB │ gzip:     0.29 kB
dist/assets/heart-crack-DfSSsiM3.js                              0.43 kB │ gzip:     0.31 kB
dist/assets/piano-JmYA0dCK.js                                    0.43 kB │ gzip:     0.27 kB
dist/assets/plane-takeoff-ORad0Q-9.js                            0.43 kB │ gzip:     0.30 kB
dist/assets/shield-off-aJXB398_.js                               0.43 kB │ gzip:     0.30 kB
dist/assets/waves-arrow-up-DfnzZfgs.js                           0.43 kB │ gzip:     0.25 kB
dist/assets/cigarette-off-BkpqB0MQ.js                            0.43 kB │ gzip:     0.26 kB
dist/assets/cloud-moon-rain-DVe6MaDj.js                          0.43 kB │ gzip:     0.30 kB
dist/assets/magnet-DajnUaUv.js                                   0.43 kB │ gzip:     0.26 kB
dist/assets/mail-search-sMUy9F9q.js                              0.43 kB │ gzip:     0.29 kB
dist/assets/save-all-CWLQTuWD.js                                 0.43 kB │ gzip:     0.27 kB
dist/assets/usb-jokPbKKB.js                                      0.43 kB │ gzip:     0.27 kB
dist/assets/bell-check-CnMjz18X.js                               0.43 kB │ gzip:     0.30 kB
dist/assets/brush-cleaning-DgPRltGz.js                           0.43 kB │ gzip:     0.28 kB
dist/assets/cloud-snow-DHw3Xjh2.js                               0.43 kB │ gzip:     0.26 kB
dist/assets/file-digit-D8fvm4eN.js                               0.43 kB │ gzip:     0.29 kB
dist/assets/scan-text-ClU2abi_.js                                0.43 kB │ gzip:     0.26 kB
dist/assets/locate-fixed-Dzgv-2Xl.js                             0.43 kB │ gzip:     0.25 kB
dist/assets/logs-ETIAkl6b.js                                     0.43 kB │ gzip:     0.23 kB
dist/assets/brick-wall-BDmSnEKV.js                               0.43 kB │ gzip:     0.26 kB
dist/assets/haze-BWkxeuLQ.js                                     0.43 kB │ gzip:     0.26 kB
dist/assets/printer-x-CbrJWlHq.js                                0.43 kB │ gzip:     0.27 kB
dist/assets/map-pin-house-DK7paY5o.js                            0.43 kB │ gzip:     0.30 kB
dist/assets/phone-missed-D5Y9Nv79.js                             0.43 kB │ gzip:     0.28 kB
dist/assets/roller-coaster-BecEBaO_.js                           0.43 kB │ gzip:     0.27 kB
dist/assets/aperture-D49TWeF5.js                                 0.43 kB │ gzip:     0.28 kB
dist/assets/badge-question-mark-CMmsvsLB.js                      0.43 kB │ gzip:     0.28 kB
dist/assets/dices-CSRGimMv.js                                    0.43 kB │ gzip:     0.28 kB
dist/assets/kayak-Ds00ixND.js                                    0.43 kB │ gzip:     0.28 kB
dist/assets/package-minus-7ykeDQEC.js                            0.43 kB │ gzip:     0.29 kB
dist/assets/truck-NuZOggJi.js                                    0.43 kB │ gzip:     0.28 kB
dist/assets/badge-indian-rupee-BYql_GUr.js                       0.43 kB │ gzip:     0.26 kB
dist/assets/car-BswUZsxX.js                                      0.43 kB │ gzip:     0.31 kB
dist/assets/cherry-Zx_X8VTd.js                                   0.43 kB │ gzip:     0.28 kB
dist/assets/factory-3uvXe8-f.js                                  0.43 kB │ gzip:     0.27 kB
dist/assets/file-chart-column-increasing-DkgGKrc5.js             0.43 kB │ gzip:     0.28 kB
dist/assets/film-Di0JiQK5.js                                     0.43 kB │ gzip:     0.26 kB
dist/assets/fire-extinguisher-BY-TirBU.js                        0.43 kB │ gzip:     0.28 kB
dist/assets/phone-incoming-M0vDnVd6.js                           0.43 kB │ gzip:     0.29 kB
dist/assets/scan-barcode-BshD4YC3.js                             0.43 kB │ gzip:     0.26 kB
dist/assets/tower-control-_UHLq9-1.js                            0.43 kB │ gzip:     0.28 kB
dist/assets/anvil-BDxcdNHP.js                                    0.43 kB │ gzip:     0.26 kB
dist/assets/file-play-BspndadY.js                                0.43 kB │ gzip:     0.29 kB
dist/assets/hamburger-BWLe7yYc.js                                0.43 kB │ gzip:     0.28 kB
dist/assets/phone-outgoing-1MvhjAYZ.js                           0.43 kB │ gzip:     0.29 kB
dist/assets/scan-heart-ik4-oMjh.js                               0.43 kB │ gzip:     0.28 kB
dist/assets/squirrel-SymdzuM0.js                                 0.43 kB │ gzip:     0.29 kB
dist/assets/piggy-bank-CnI3W71q.js                               0.44 kB │ gzip:     0.27 kB
dist/assets/plane-landing-C8Z7Lz--.js                            0.44 kB │ gzip:     0.31 kB
dist/assets/align-center-vertical-OmkQlvO-.js                    0.44 kB │ gzip:     0.27 kB
dist/assets/phone-forwarded-jMSnjdVt.js                          0.44 kB │ gzip:     0.29 kB
dist/assets/shopping-basket-BRt55lrb.js                          0.44 kB │ gzip:     0.27 kB
dist/assets/toolbox-CoHjvbPn.js                                  0.44 kB │ gzip:     0.26 kB
dist/assets/clipboard-list-BNRBIyr3.js                           0.44 kB │ gzip:     0.28 kB
dist/assets/shelving-unit-D-9Wb_2P.js                            0.44 kB │ gzip:     0.26 kB
dist/assets/sticker-BKJ8BMs_.js                                  0.44 kB │ gzip:     0.27 kB
dist/assets/wifi-pen-DdgKbFqS.js                                 0.44 kB │ gzip:     0.30 kB
dist/assets/zap-off-DWmWOQCt.js                                  0.44 kB │ gzip:     0.30 kB
dist/assets/align-center-horizontal-3bhc-cU3.js                  0.44 kB │ gzip:     0.27 kB
dist/assets/badge-pound-sterling-BQjcJukh.js                     0.44 kB │ gzip:     0.27 kB
dist/assets/notebook-text-BtIFopu6.js                            0.44 kB │ gzip:     0.27 kB
dist/assets/server-crash-pcbW9Wyr.js                             0.44 kB │ gzip:     0.26 kB
dist/assets/cable-car-cl3WEsNd.js                                0.44 kB │ gzip:     0.28 kB
dist/assets/calendar-range-CU6jQixM.js                           0.44 kB │ gzip:     0.27 kB
dist/assets/carrot-BvskwcDM.js                                   0.44 kB │ gzip:     0.30 kB
dist/assets/hand-coins-BOlx5Cxl.js                               0.44 kB │ gzip:     0.31 kB
dist/assets/package-check-TbMJTcCn.js                            0.44 kB │ gzip:     0.29 kB
dist/assets/flashlight-off-CKJNXlyI.js                           0.44 kB │ gzip:     0.29 kB
dist/assets/spotlight-CqM1DDvS.js                                0.44 kB │ gzip:     0.29 kB
dist/assets/tags-DR_CIsou.js                                     0.44 kB │ gzip:     0.30 kB
dist/assets/transgender-Ch_qhXId.js                              0.44 kB │ gzip:     0.27 kB
dist/assets/briefcase-conveyor-belt-CR1ViiCh.js                  0.44 kB │ gzip:     0.28 kB
dist/assets/camera-off-DI09XWNc.js                               0.44 kB │ gzip:     0.30 kB
dist/assets/headphone-off-BMJrBK4b.js                            0.44 kB │ gzip:     0.28 kB
dist/assets/map-minus-Cfdsm6hv.js                                0.44 kB │ gzip:     0.29 kB
dist/assets/chart-candlestick-8pzoOWBw.js                        0.44 kB │ gzip:     0.28 kB
dist/assets/construction-Zxaa3JI-.js                             0.44 kB │ gzip:     0.28 kB
dist/assets/biceps-flexed-CIILt-mm.js                            0.45 kB │ gzip:     0.32 kB
dist/assets/boom-box-CrTvuFLZ.js                                 0.45 kB │ gzip:     0.28 kB
dist/assets/castle-Y7AbnHuE.js                                   0.45 kB │ gzip:     0.27 kB
dist/assets/clover-Dd9Xyz5f.js                                   0.45 kB │ gzip:     0.26 kB
dist/assets/file-type-corner-H-uN4SBc.js                         0.45 kB │ gzip:     0.29 kB
dist/assets/ruler-dimension-line-CtxGUFc6.js                     0.45 kB │ gzip:     0.27 kB
dist/assets/sunrise-D1sacIYX.js                                  0.45 kB │ gzip:     0.27 kB
dist/assets/sunset-BS_IvtmG.js                                   0.45 kB │ gzip:     0.27 kB
dist/assets/calendar-heart-55_XNSTj.js                           0.45 kB │ gzip:     0.29 kB
dist/assets/file-signal-BUsBi8pV.js                              0.45 kB │ gzip:     0.29 kB
dist/assets/ham-C4quHA4N.js                                      0.45 kB │ gzip:     0.28 kB
dist/assets/house-plug-DeP9spkh.js                               0.45 kB │ gzip:     0.27 kB
dist/assets/layers-B35vFsLS.js                                   0.45 kB │ gzip:     0.26 kB
dist/assets/scan-face-DA8CIbmd.js                                0.45 kB │ gzip:     0.27 kB
dist/assets/bot-off-DidlmFEX.js                                  0.45 kB │ gzip:     0.27 kB
dist/assets/chunk-FOC6F5B3-YfqQ7-Bq.js                           0.45 kB │ gzip:     0.31 kB
dist/assets/octagon-x-BdHgHhPy.js                                0.45 kB │ gzip:     0.28 kB
dist/assets/sliders-vertical-COYS8k4b.js                         0.45 kB │ gzip:     0.26 kB
dist/assets/phone-call-BqQaP-pK.js                               0.45 kB │ gzip:     0.29 kB
dist/assets/wine-off-BtEQVY6g.js                                 0.45 kB │ gzip:     0.31 kB
dist/assets/alarm-smoke-Dj34QuNt.js                              0.45 kB │ gzip:     0.27 kB
dist/assets/barrel-BTNXvv4L.js                                   0.45 kB │ gzip:     0.26 kB
dist/assets/clock-fading-BqKeJe9e.js                             0.45 kB │ gzip:     0.28 kB
dist/assets/file-sliders-Bsyh_hY1.js                             0.45 kB │ gzip:     0.28 kB
dist/assets/folder-sync-BB8ES9nI.js                              0.45 kB │ gzip:     0.29 kB
dist/assets/group-ByOXgzFn.js                                    0.45 kB │ gzip:     0.29 kB
dist/assets/file-pen-D0KuAJmL.js                                 0.45 kB │ gzip:     0.30 kB
dist/assets/file-type-31ma_MCY.js                                0.45 kB │ gzip:     0.29 kB
dist/assets/octagon-pause-BCd5iIHY.js                            0.45 kB │ gzip:     0.27 kB
dist/assets/clipboard-pen-CQsSudLb.js                            0.45 kB │ gzip:     0.31 kB
dist/assets/megaphone-off-CBaEeEI8.js                            0.45 kB │ gzip:     0.30 kB
dist/assets/chunk-2KRD3SAO-BP7XNl52.js                           0.45 kB │ gzip:     0.31 kB
dist/assets/file-spreadsheet-DZJ5if2i.js                         0.45 kB │ gzip:     0.28 kB
dist/assets/repeat-off-CYDRg2Pw.js                               0.45 kB │ gzip:     0.28 kB
dist/assets/bean-off-uL5Sko-p.js                                 0.46 kB │ gzip:     0.32 kB
dist/assets/octagon-alert-B9EYBbNU.js                            0.46 kB │ gzip:     0.27 kB
dist/assets/van-BpJUmDP7.js                                      0.46 kB │ gzip:     0.30 kB
dist/assets/chunk-67CJDMHE-BI9uDzgJ.js                           0.46 kB │ gzip:     0.31 kB
dist/assets/chunk-KGLVRYIC-De_wlci_.js                           0.46 kB │ gzip:     0.31 kB
dist/assets/badge-japanese-yen-B-DybBzu.js                       0.46 kB │ gzip:     0.27 kB
dist/assets/file-archive-DNkkxkOE.js                             0.46 kB │ gzip:     0.30 kB
dist/assets/wand-Dod09ypr.js                                     0.46 kB │ gzip:     0.26 kB
dist/assets/shredder-sKh5dy1S.js                                 0.46 kB │ gzip:     0.28 kB
dist/assets/atom-5tjOFZn4.js                                     0.46 kB │ gzip:     0.30 kB
dist/assets/database-backup-LMLxgb13.js                          0.46 kB │ gzip:     0.31 kB
dist/assets/milk-off-C7JdABFb.js                                 0.46 kB │ gzip:     0.31 kB
dist/assets/replace-B35en8l1.js                                  0.46 kB │ gzip:     0.29 kB
dist/assets/route-off-B-zqWiOv.js                                0.46 kB │ gzip:     0.30 kB
dist/assets/chart-network-CBqqoKe4.js                            0.46 kB │ gzip:     0.29 kB
dist/assets/chess-rook-DOBIEJcq.js                               0.46 kB │ gzip:     0.27 kB
dist/assets/combine-DrrOEmPI.js                                  0.46 kB │ gzip:     0.27 kB
dist/assets/medal-B1qabv2u.js                                    0.46 kB │ gzip:     0.30 kB
dist/assets/church-DHqWBFzE.js                                   0.46 kB │ gzip:     0.30 kB
dist/assets/traffic-cone-qzKwcv_0.js                             0.46 kB │ gzip:     0.31 kB
dist/assets/ear-off-Cs3moNVN.js                                  0.47 kB │ gzip:     0.32 kB
dist/assets/sandwich-NyGZ3PXs.js                                 0.47 kB │ gzip:     0.31 kB
dist/assets/car-taxi-front-88xcC7Ke.js                           0.47 kB │ gzip:     0.31 kB
dist/assets/leafy-green-DEb9tp5E.js                              0.47 kB │ gzip:     0.31 kB
dist/assets/rabbit-CN6PqAEZ.js                                   0.47 kB │ gzip:     0.31 kB
dist/assets/radio-off-tCQml8xW.js                                0.47 kB │ gzip:     0.30 kB
dist/assets/rat-B7T0si9h.js                                      0.47 kB │ gzip:     0.30 kB
dist/assets/fence-D-2BxYUh.js                                    0.47 kB │ gzip:     0.25 kB
dist/assets/file-video-camera-Cd3ZMLVl.js                        0.47 kB │ gzip:     0.33 kB
dist/assets/flower-2-BL5cm9GF.js                                 0.47 kB │ gzip:     0.30 kB
dist/assets/pizza-CNT6T_K6.js                                    0.47 kB │ gzip:     0.30 kB
dist/assets/squares-subtract-BtMBe7rL.js                         0.47 kB │ gzip:     0.27 kB
dist/assets/chess-king-Bv62IYX_.js                               0.47 kB │ gzip:     0.32 kB
dist/assets/notebook-tabs-DxfmdHy6.js                            0.47 kB │ gzip:     0.27 kB
dist/assets/rose-D7YJu03S.js                                     0.47 kB │ gzip:     0.33 kB
dist/assets/shrimp-wY2vWElV.js                                   0.47 kB │ gzip:     0.31 kB
dist/assets/handshake-SrVAQuvP.js                                0.47 kB │ gzip:     0.30 kB
dist/assets/package-plus-DjR9dBnV.js                             0.47 kB │ gzip:     0.30 kB
dist/assets/container-2T9NRtrg.js                                0.47 kB │ gzip:     0.31 kB
dist/assets/server-off-CtHNltMa.js                               0.47 kB │ gzip:     0.29 kB
dist/assets/hand-grab-tSbZnk8z.js                                0.47 kB │ gzip:     0.26 kB
dist/assets/phone-off-Du4APVIf.js                                0.47 kB │ gzip:     0.30 kB
dist/assets/amphora-DZv4l-l-.js                                  0.48 kB │ gzip:     0.29 kB
dist/assets/bus-front-BxHqxKyu.js                                0.48 kB │ gzip:     0.29 kB
dist/assets/footprints--WJwD5nC.js                               0.48 kB │ gzip:     0.32 kB
dist/assets/forklift-BqtLxnc0.js                                 0.48 kB │ gzip:     0.29 kB
dist/assets/train-front-tunnel-Dv8ahYmB.js                       0.48 kB │ gzip:     0.29 kB
dist/assets/keyboard-music-CaW2SIK6.js                           0.48 kB │ gzip:     0.28 kB
dist/assets/shovel-U9A7AVCn.js                                   0.48 kB │ gzip:     0.31 kB
dist/assets/package-x-BrzR2tNV.js                                0.48 kB │ gzip:     0.30 kB
dist/assets/panel-top-bottom-dashed-D4dxOPgb.js                  0.48 kB │ gzip:     0.28 kB
dist/assets/sticky-notes-DEtbyJeu.js                             0.48 kB │ gzip:     0.27 kB
dist/assets/tickets-plane-Cj9ATLIb.js                            0.48 kB │ gzip:     0.31 kB
dist/assets/volleyball-JsunCItL.js                               0.48 kB │ gzip:     0.30 kB
dist/assets/bus-D7qHEq-V.js                                      0.48 kB │ gzip:     0.30 kB
dist/assets/helicopter-xZUoORpq.js                               0.48 kB │ gzip:     0.28 kB
dist/assets/map-plus-DyvotISz.js                                 0.48 kB │ gzip:     0.30 kB
dist/assets/radio-tower-Cg97xoG_.js                              0.48 kB │ gzip:     0.31 kB
dist/assets/key-square-CKsIwaCF.js                               0.48 kB │ gzip:     0.29 kB
dist/assets/school-BhoEln9A.js                                   0.48 kB │ gzip:     0.31 kB
dist/assets/square-scissors-Cfte9QoF.js                          0.48 kB │ gzip:     0.30 kB
dist/assets/file-badge-MLGLchQz.js                               0.48 kB │ gzip:     0.33 kB
dist/assets/panel-left-right-dashed-eYVIHOfe.js                  0.48 kB │ gzip:     0.28 kB
dist/assets/heart-handshake-z1QpzQXz.js                          0.48 kB │ gzip:     0.31 kB
dist/assets/cat-Bi3shyrl.js                                      0.49 kB │ gzip:     0.33 kB
dist/assets/earth-lock-n-XPDq3o.js                               0.49 kB │ gzip:     0.31 kB
dist/assets/origami-BIpSnZHr.js                                  0.49 kB │ gzip:     0.32 kB
dist/assets/waves-arrow-down-B0f24SzV.js                         0.49 kB │ gzip:     0.31 kB
dist/assets/pointer-Dkm7N3-w.js                                  0.49 kB │ gzip:     0.29 kB
dist/assets/wifi-off-pXApY_8w.js                                 0.49 kB │ gzip:     0.29 kB
dist/assets/scan-eye-aYuPLzrF.js                                 0.49 kB │ gzip:     0.30 kB
dist/assets/chess-knight-Cm4ypBMf.js                             0.49 kB │ gzip:     0.32 kB
dist/assets/circle-fading-plus-CT0zLlOY.js                       0.49 kB │ gzip:     0.29 kB
dist/assets/file-braces-corner-BwYqKYmB.js                       0.49 kB │ gzip:     0.29 kB
dist/assets/message-square-heart-DHZlES4H.js                     0.49 kB │ gzip:     0.33 kB
dist/assets/tree-palm-Cu3ROtgV.js                                0.49 kB │ gzip:     0.34 kB
dist/assets/file-scan-CzzB7QaD.js                                0.49 kB │ gzip:     0.29 kB
dist/assets/beer-2pbGoRbW.js                                     0.49 kB │ gzip:     0.31 kB
dist/assets/cloud-sun-rain-D9GI7iVq.js                           0.49 kB │ gzip:     0.30 kB
dist/assets/file-chart-pie-xNyKXXts.js                           0.49 kB │ gzip:     0.32 kB
dist/assets/sun-dim-7NDKmKdv.js                                  0.49 kB │ gzip:     0.26 kB
dist/assets/tooltipContext-CXc3qTZm.js                           0.49 kB │ gzip:     0.27 kB
dist/assets/chunk-CIAEETIT-141DLbST.js                           0.50 kB │ gzip:     0.35 kB
dist/assets/ferris-wheel-dWqYLtWQ.js                             0.50 kB │ gzip:     0.30 kB
dist/assets/file-braces-CgBjvATK.js                              0.50 kB │ gzip:     0.29 kB
dist/assets/hand-platter-C_szFdxS.js                             0.50 kB │ gzip:     0.32 kB
dist/assets/save-off-NYfEtFmh.js                                 0.50 kB │ gzip:     0.30 kB
dist/assets/siren-C8NPYLS3.js                                    0.50 kB │ gzip:     0.29 kB
dist/assets/soap-dispenser-droplet-CTW6ClWY.js                   0.50 kB │ gzip:     0.33 kB
dist/assets/package-search-BefgSenj.js                           0.50 kB │ gzip:     0.32 kB
dist/assets/star-DBvet3J0.js                                     0.50 kB │ gzip:     0.31 kB
dist/assets/wifi-sync-CUfRzCts.js                                0.50 kB │ gzip:     0.30 kB
dist/assets/circle-fading-arrow-up-C8zhiGoi.js                   0.50 kB │ gzip:     0.30 kB
dist/assets/thermometer-snowflake-CeEqfS4H.js                    0.50 kB │ gzip:     0.32 kB
dist/assets/map-pin-off-C4ZYkAaq.js                              0.50 kB │ gzip:     0.33 kB
dist/assets/microchip-CH6uFzUK.js                                0.50 kB │ gzip:     0.27 kB
dist/assets/notebook-pen-BLgfSju9.js                             0.50 kB │ gzip:     0.30 kB
dist/assets/salad-mUbMjbhS.js                                    0.50 kB │ gzip:     0.30 kB
dist/assets/square-dashed-top-solid-buiRIIAs.js                  0.50 kB │ gzip:     0.27 kB
dist/assets/trophy-D08lT5iU.js                                   0.50 kB │ gzip:     0.29 kB
dist/assets/volume-off-Be5gR-uA.js                               0.50 kB │ gzip:     0.32 kB
dist/assets/lamp-desk-BNW-5VDt.js                                0.50 kB │ gzip:     0.31 kB
dist/assets/image-upscale-DEqI8NR3.js                            0.50 kB │ gzip:     0.31 kB
dist/assets/folder-tree-C97d-4h0.js                              0.51 kB │ gzip:     0.28 kB
dist/assets/ship-BINTcn4J.js                                     0.51 kB │ gzip:     0.30 kB
dist/assets/sparkles-CUtInAhL.js                                 0.51 kB │ gzip:     0.29 kB
dist/assets/webhook-off-CmU0F2R9.js                              0.51 kB │ gzip:     0.32 kB
dist/assets/circle-star-COYmzoz8.js                              0.51 kB │ gzip:     0.33 kB
dist/assets/solar-panel-BRLXx_7f.js                              0.51 kB │ gzip:     0.32 kB
dist/assets/sun-medium-BGNFLHGg.js                               0.51 kB │ gzip:     0.28 kB
dist/assets/layers-plus-DPtYsOdn.js                              0.51 kB │ gzip:     0.30 kB
dist/assets/blender-C3ejQW0N.js                                  0.51 kB │ gzip:     0.31 kB
dist/assets/cake-DkxofUY9.js                                     0.51 kB │ gzip:     0.28 kB
dist/assets/drill-BbsfbYso.js                                    0.51 kB │ gzip:     0.29 kB
dist/assets/pointer-off-yYimrEF0.js                              0.52 kB │ gzip:     0.32 kB
dist/assets/scan-qr-code-BEhx2tnG.js                             0.52 kB │ gzip:     0.31 kB
dist/assets/calendar-sync-C101GqAH.js                            0.52 kB │ gzip:     0.30 kB
dist/assets/cctv-BW5ojUfl.js                                     0.52 kB │ gzip:     0.32 kB
dist/assets/square-star-CUbJR8D_.js                              0.52 kB │ gzip:     0.34 kB
dist/assets/hand-heart-BWizOVF4.js                               0.52 kB │ gzip:     0.35 kB
dist/assets/shower-head-DDAyhDk9.js                              0.52 kB │ gzip:     0.28 kB
dist/assets/broccoli-DchOyXsb.js                                 0.53 kB │ gzip:     0.34 kB
dist/assets/zodiac-aquarius-B1MWqYD3.js                          0.53 kB │ gzip:     0.26 kB
dist/assets/chunk-EDXVE4YY-DdHVLuIE.js                           0.53 kB │ gzip:     0.38 kB
dist/assets/chart-scatter-CnyuKIlF.js                            0.53 kB │ gzip:     0.27 kB
dist/assets/radar-B_h8iEP8.js                                    0.53 kB │ gzip:     0.32 kB
dist/assets/refresh-cw-off-_UefNb9D.js                           0.53 kB │ gzip:     0.32 kB
dist/assets/grip-grJaohtK.js                                     0.53 kB │ gzip:     0.24 kB
dist/assets/hotel-Bnmp0Pq4.js                                    0.53 kB │ gzip:     0.30 kB
dist/assets/brick-wall-fire-DkoXPPg8.js                          0.53 kB │ gzip:     0.33 kB
dist/assets/codeowners-Bey6vtp9.js                               0.54 kB │ gzip:     0.31 kB
dist/assets/codeowners-ZCZjE2eh.js                               0.54 kB │ gzip:     0.31 kB
dist/assets/dam-DjC3FiNS.js                                      0.54 kB │ gzip:     0.30 kB
dist/assets/panda-BZoVLwf_.js                                    0.54 kB │ gzip:     0.33 kB
dist/assets/file-volume-BghiFeD3.js                              0.54 kB │ gzip:     0.33 kB
dist/assets/ambulance-1MjJZqVU.js                                0.54 kB │ gzip:     0.33 kB
dist/assets/ship-wheel-B76uRCN1.js                               0.55 kB │ gzip:     0.31 kB
dist/assets/star-off-ZnENI6Xl.js                                 0.55 kB │ gzip:     0.34 kB
dist/assets/university-D-I3sUvu.js                               0.55 kB │ gzip:     0.32 kB
dist/assets/tool-case-ByXnOrTZ.js                                0.55 kB │ gzip:     0.36 kB
dist/assets/spray-can-BGbcWGzi.js                                0.55 kB │ gzip:     0.31 kB
dist/assets/hand-fist-B49CCojj.js                                0.55 kB │ gzip:     0.34 kB
dist/assets/keyboard-off-FcSkbVa9.js                             0.55 kB │ gzip:     0.31 kB
dist/assets/soup-wd__fEoP.js                                     0.55 kB │ gzip:     0.30 kB
dist/assets/theater-BM7pOK18.js                                  0.55 kB │ gzip:     0.29 kB
dist/assets/truck-electric-DC_Xk8TA.js                           0.56 kB │ gzip:     0.33 kB
dist/assets/user-star-TVMjRnxe.js                                0.56 kB │ gzip:     0.35 kB
dist/assets/calculator-D-Jh_3I9.js                               0.56 kB │ gzip:     0.30 kB
dist/assets/guitar-CZ03nWYD.js                                   0.56 kB │ gzip:     0.34 kB
dist/assets/radiation-vLkao5oM.js                                0.56 kB │ gzip:     0.32 kB
dist/assets/memory-stick-DChiA61P.js                             0.56 kB │ gzip:     0.29 kB
dist/assets/bow-arrow-BFENBaT8.js                                0.56 kB │ gzip:     0.34 kB
dist/assets/heater-BTkzIpBi.js                                   0.56 kB │ gzip:     0.29 kB
dist/assets/file-box-DTQQYoRt.js                                 0.57 kB │ gzip:     0.34 kB
dist/assets/paintbrush-D21aK5_r.js                               0.57 kB │ gzip:     0.35 kB
dist/assets/tractor-wtFWUl1-.js                                  0.57 kB │ gzip:     0.33 kB
dist/assets/flatten-D2Sx8tC1.js                                  0.57 kB │ gzip:     0.34 kB
dist/assets/lasso-select-BLvypJxC.js                             0.57 kB │ gzip:     0.36 kB
dist/assets/message-square-dashed-DMSKcksU.js                    0.57 kB │ gzip:     0.31 kB
dist/assets/cctv-off-Z-hXSG64.js                                 0.57 kB │ gzip:     0.35 kB
dist/assets/grape-DUexDl2a.js                                    0.57 kB │ gzip:     0.30 kB
dist/assets/triangle-dashed-CMaegQdN.js                          0.57 kB │ gzip:     0.32 kB
dist/assets/drone-B6ZDhZVm.js                                    0.58 kB │ gzip:     0.33 kB
dist/assets/swords-ljGjRXwM.js                                   0.58 kB │ gzip:     0.30 kB
dist/assets/globe-off-lcbFtx_n.js                                0.58 kB │ gzip:     0.32 kB
dist/assets/paint-bucket-BkzqZAOd.js                             0.58 kB │ gzip:     0.35 kB
dist/assets/layers-minus-BhbDh1Vn.js                             0.58 kB │ gzip:     0.32 kB
dist/assets/drama-CEWTmSFW.js                                    0.58 kB │ gzip:     0.35 kB
dist/assets/vector-square-D_Q9N-u6.js                            0.58 kB │ gzip:     0.28 kB
dist/assets/binoculars-B1_2XsfG.js                               0.59 kB │ gzip:     0.31 kB
dist/assets/dumbbell-Cgy1vPFA.js                                 0.59 kB │ gzip:     0.31 kB
dist/assets/highlighted-body-OFNGDK62-DAp9REpX.js                0.59 kB │ gzip:     0.38 kB
dist/assets/table-columns-split-DFPTiNc3.js                      0.59 kB │ gzip:     0.30 kB
dist/assets/beef-off-Dtl3ZWvR.js                                 0.59 kB │ gzip:     0.37 kB
dist/assets/building-CVszmIQ1.js                                 0.59 kB │ gzip:     0.30 kB
dist/assets/table-rows-split-DIYO5Aip.js                         0.59 kB │ gzip:     0.30 kB
dist/assets/replace-all-DmPCwWE-.js                              0.59 kB │ gzip:     0.31 kB
dist/assets/chess-queen-C9JuGugE.js                              0.59 kB │ gzip:     0.34 kB
dist/assets/square-dashed-DjfH5pU2.js                            0.59 kB │ gzip:     0.29 kB
dist/assets/sun-snow-BtUNjpk0.js                                 0.59 kB │ gzip:     0.32 kB
dist/assets/candy-CLFzMSMd.js                                    0.60 kB │ gzip:     0.32 kB
dist/assets/puzzle-BnY_KBzv.js                                   0.60 kB │ gzip:     0.29 kB
dist/assets/chunk-AA7GKIK3-bIPdNSO-.js                           0.60 kB │ gzip:     0.39 kB
dist/assets/package-open-B7wgpVod.js                             0.61 kB │ gzip:     0.35 kB
dist/assets/book-dashed-BBFlOQd3.js                              0.61 kB │ gzip:     0.31 kB
dist/assets/recycle-1ERGoDZR.js                                  0.61 kB │ gzip:     0.36 kB
dist/assets/ribbon-CE8hgMvH.js                                   0.61 kB │ gzip:     0.38 kB
dist/assets/infoDiagram-42DDH7IO-C4gbnhbI.js                     0.61 kB │ gzip:     0.41 kB
dist/assets/flower-DsJacJEQ.js                                   0.61 kB │ gzip:     0.32 kB
dist/assets/pickaxe-BaTgo1KO.js                                  0.62 kB │ gzip:     0.36 kB
dist/assets/croissant-BsTmMsgh.js                                0.62 kB │ gzip:     0.34 kB
dist/assets/nut-Blg1MyQq.js                                      0.62 kB │ gzip:     0.41 kB
dist/assets/dna-off-7bEXSVgB.js                                  0.62 kB │ gzip:     0.35 kB
dist/assets/message-circle-dashed-DtmvIke5.js                    0.63 kB │ gzip:     0.34 kB
dist/assets/satellite-CtcKWj8w.js                                0.63 kB │ gzip:     0.31 kB
dist/assets/fingerprint-pattern-DcvhAsdT.js                      0.64 kB │ gzip:     0.37 kB
dist/assets/fish-CLixLK-_.js                                     0.64 kB │ gzip:     0.40 kB
dist/assets/telescope-CllOL1XT.js                                0.64 kB │ gzip:     0.39 kB
dist/assets/square-dashed-mouse-pointer-00eYuMTy.js              0.64 kB │ gzip:     0.35 kB
dist/assets/beer-off-D35sQkVt.js                                 0.65 kB │ gzip:     0.38 kB
dist/assets/gamepad-2-CTrnQMRQ.js                                0.65 kB │ gzip:     0.40 kB
dist/assets/squares-intersect-DB3o2iTT.js                        0.65 kB │ gzip:     0.31 kB
dist/assets/chunk-ORNJ4GCN-CAEJTx5J.js                           0.65 kB │ gzip:     0.41 kB
dist/assets/dna-BkhlDIK_.js                                      0.65 kB │ gzip:     0.35 kB
dist/assets/snowflake-xjdz21ug.js                                0.65 kB │ gzip:     0.35 kB
dist/assets/squircle-dashed-Bx9BFpiq.js                          0.66 kB │ gzip:     0.36 kB
dist/assets/notepad-text-dashed-BmOjHt7m.js                      0.66 kB │ gzip:     0.32 kB
dist/assets/bug-play-CRhnXnXk.js                                 0.66 kB │ gzip:     0.36 kB
dist/assets/cannabis-off-CXsCOxTA.js                             0.66 kB │ gzip:     0.42 kB
dist/assets/brick-wall-shield-pFdByerH.js                        0.67 kB │ gzip:     0.38 kB
dist/assets/stateDiagram-v2-QKLJ7IA2-ChGI3k7s.js                 0.67 kB │ gzip:     0.40 kB
dist/assets/circle-dot-dashed-COd8hJk2.js                        0.67 kB │ gzip:     0.34 kB
dist/assets/user-cog-DuYFMcPw.js                                 0.67 kB │ gzip:     0.35 kB
dist/assets/dog-CVpLAHKC.js                                      0.67 kB │ gzip:     0.42 kB
dist/assets/cloud-cog-ClODJ0mv.js                                0.67 kB │ gzip:     0.36 kB
dist/assets/receipt-turkish-lira-DqEbAtl1.js                     0.68 kB │ gzip:     0.31 kB
dist/assets/columns-3-cog-EVslc5uE.js                            0.68 kB │ gzip:     0.36 kB
dist/assets/candy-off-CtcMTXAE.js                                0.68 kB │ gzip:     0.36 kB
dist/assets/receipt-Bp-avCiC.js                                  0.68 kB │ gzip:     0.30 kB
dist/assets/receipt-russian-ruble-Q164c2Fm.js                    0.68 kB │ gzip:     0.31 kB
dist/assets/timeline-uDPFM2SI.js                                 0.68 kB │ gzip:     0.30 kB
dist/assets/user-round-cog-DXmTXCnQ.js                           0.68 kB │ gzip:     0.36 kB
dist/assets/fish-off-BcAVcGi6.js                                 0.69 kB │ gzip:     0.43 kB
dist/assets/receipt-text-zoeznoYM.js                             0.69 kB │ gzip:     0.30 kB
dist/assets/vault-52u0SH4V.js                                    0.69 kB │ gzip:     0.33 kB
dist/assets/receipt-swiss-franc-ZQlXP8Hz.js                      0.70 kB │ gzip:     0.31 kB
dist/assets/cog-rO3Xt4f3.js                                      0.70 kB │ gzip:     0.34 kB
dist/assets/biohazard-r-1JZ76a.js                                0.71 kB │ gzip:     0.41 kB
dist/assets/square-dashed-text-B-oYBxOx.js                       0.71 kB │ gzip:     0.32 kB
dist/assets/shellsession-Bmgsc-mW.js                             0.71 kB │ gzip:     0.43 kB
dist/assets/shellsession-CqGKJcxf.js                             0.71 kB │ gzip:     0.43 kB
dist/assets/square-dashed-kanban-DfpTJDwv.js                     0.71 kB │ gzip:     0.33 kB
dist/assets/folder-cog-BYqN0RNj.js                               0.71 kB │ gzip:     0.38 kB
dist/assets/receipt-indian-rupee-DYV-lXYE.js                     0.71 kB │ gzip:     0.31 kB
dist/assets/bug-off-CBihYvJs.js                                  0.71 kB │ gzip:     0.37 kB
dist/assets/receipt-euro-DB5DGLRD.js                             0.71 kB │ gzip:     0.32 kB
dist/assets/receipt-cent-BB3FcvZb.js                             0.71 kB │ gzip:     0.32 kB
dist/assets/receipt-pound-sterling-B8aL4WBg.js                   0.71 kB │ gzip:     0.32 kB
dist/assets/component-BCqdB8JK.js                                0.72 kB │ gzip:     0.28 kB
dist/assets/tsv-CFFFmHoZ.js                                      0.73 kB │ gzip:     0.33 kB
dist/assets/tsv-PohqCxAp.js                                      0.73 kB │ gzip:     0.33 kB
dist/assets/nut-off-C56DQInc.js                                  0.73 kB │ gzip:     0.46 kB
dist/assets/receipt-japanese-yen-DjW_wDaP.js                     0.74 kB │ gzip:     0.32 kB
dist/assets/classDiagram-6PBFFD2Q-BzbenvgS.js                    0.74 kB │ gzip:     0.43 kB
dist/assets/classDiagram-v2-HSJHXN6E-CrndKYYF.js                 0.74 kB │ gzip:     0.43 kB
dist/assets/wifi-cog-CCczlmKr.js                                 0.75 kB │ gzip:     0.39 kB
dist/assets/shield-cog-corner-BLs7IB8S.js                        0.75 kB │ gzip:     0.41 kB
dist/assets/gamepad-directional-CZJB5uDo.js                      0.76 kB │ gzip:     0.36 kB
dist/assets/party-popper-crXsHE98.js                             0.76 kB │ gzip:     0.43 kB
dist/assets/shield-cog-DnTq_j9a.js                               0.77 kB │ gzip:     0.42 kB
dist/assets/calendar-cog-DowLgBND.js                             0.77 kB │ gzip:     0.40 kB
dist/assets/file-cog-B9ZwgJS9.js                                 0.78 kB │ gzip:     0.41 kB
dist/assets/brain-circuit-w9f5hpEi.js                            0.83 kB │ gzip:     0.42 kB
dist/assets/linearClosed-DXwLrl0W.js                             0.84 kB │ gzip:     0.31 kB
dist/assets/html-derivative-C0peBfeS.js                          0.84 kB │ gzip:     0.45 kB
dist/assets/html-derivative-lU0c9BIN.js                          0.84 kB │ gzip:     0.45 kB
dist/assets/shim-Df4tzpua.js                                     0.84 kB │ gzip:     0.45 kB
dist/assets/server-cog-CH9Yx8hT.js                               0.86 kB │ gzip:     0.40 kB
dist/assets/boxes-BHM-L3aS.js                                    0.88 kB │ gzip:     0.42 kB
dist/assets/chunk-7N4EOEYR-H4HLu4iY.js                           0.90 kB │ gzip:     0.49 kB
dist/assets/square-bottom-dashed-scissors-BoFuePNT.js            0.91 kB │ gzip:     0.43 kB
dist/assets/wheat-Bqn_qLuZ.js                                    0.91 kB │ gzip:     0.35 kB
dist/assets/line-MblZFThc.js                                     0.94 kB │ gzip:     0.46 kB
dist/assets/chunk-ZZ45TVLE-xsg3tcjg.js                           0.95 kB │ gzip:     0.58 kB
dist/assets/wheat-off-pFmWtd1j.js                                0.96 kB │ gzip:     0.47 kB
dist/assets/git-rebase-BuXqhwnM.js                               0.98 kB │ gzip:     0.44 kB
dist/assets/git-rebase-CH_3botw.js                               0.98 kB │ gzip:     0.44 kB
dist/assets/hop-off-DDPpj2J_.js                                  0.99 kB │ gzip:     0.54 kB
dist/assets/qmldir-Brs48jLo.js                                   0.99 kB │ gzip:     0.44 kB
dist/assets/qmldir-DdiAmP6z.js                                   0.99 kB │ gzip:     0.44 kB
dist/assets/keyboardShortcuts-DYLCcqVS.js                        1.04 kB │ gzip:     0.51 kB
dist/assets/brain-cog-yYrLW_NF.js                                1.04 kB │ gzip:     0.49 kB
dist/assets/hop-DKLIErt8.js                                      1.05 kB │ gzip:     0.55 kB
dist/assets/csv-CGQ6j3VE.js                                      1.13 kB │ gzip:     0.36 kB
dist/assets/csv-CxTdfGBr.js                                      1.13 kB │ gzip:     0.36 kB
dist/assets/isEmpty-RvljvTVH.js                                  1.16 kB │ gzip:     0.63 kB
dist/assets/ordinal-CqnNayIr.js                                  1.18 kB │ gzip:     0.57 kB
dist/assets/preload-helper-DeiOTZKJ.js                           1.19 kB │ gzip:     0.68 kB
dist/assets/git-commit-CiCrsUUl.js                               1.22 kB │ gzip:     0.52 kB
dist/assets/git-commit-DzUh_uR8.js                               1.22 kB │ gzip:     0.52 kB
dist/assets/pie-3me4a9Hp.js                                      1.25 kB │ gzip:     0.57 kB
dist/assets/chunk-Bj-mKKzh.js                                    1.26 kB │ gzip:     0.69 kB
dist/assets/xsl-CJCa5vKb.js                                      1.36 kB │ gzip:     0.50 kB
dist/assets/xsl-PbJl2QIE.js                                      1.36 kB │ gzip:     0.50 kB
dist/assets/dotenv-Ck7czb0_.js                                   1.41 kB │ gzip:     0.52 kB
dist/assets/dotenv-I62-4WXl.js                                   1.41 kB │ gzip:     0.52 kB
dist/assets/chunk-LIHQZDEY-CV4QXEAW.js                           1.46 kB │ gzip:     0.78 kB
dist/assets/sparql-BJw2Htgb.js                                   1.47 kB │ gzip:     0.81 kB
dist/assets/sparql-CHpVWrSa.js                                   1.47 kB │ gzip:     0.81 kB
dist/assets/ini-BN98idiN.js                                      1.51 kB │ gzip:     0.49 kB
dist/assets/ini-Ii_9GxRz.js                                      1.51 kB │ gzip:     0.49 kB
dist/assets/band-DjK9sdw5.js                                     1.53 kB │ gzip:     0.66 kB
dist/assets/createLucideIcon-BFc1S57Y.js                         1.66 kB │ gzip:     0.86 kB
dist/assets/fortran-fixed-form-BDQjSGS4.js                       1.66 kB │ gzip:     0.68 kB
dist/assets/fortran-fixed-form-Dt7ZajBq.js                       1.66 kB │ gzip:     0.68 kB
dist/assets/docker-CDUqYyYc.js                                   1.73 kB │ gzip:     0.59 kB
dist/assets/docker-_VxwtYSQ.js                                   1.73 kB │ gzip:     0.59 kB
dist/assets/hxml-Bu7OIRT7.js                                     1.74 kB │ gzip:     0.87 kB
dist/assets/hxml-yJiwHm-L.js                                     1.74 kB │ gzip:     0.87 kB
dist/assets/desktop-BNXY-j0q.js                                  1.82 kB │ gzip:     0.75 kB
dist/assets/desktop-Dr7G5cP8.js                                  1.82 kB │ gzip:     0.75 kB
dist/assets/chunk-X2U36JSP-RnHkTgs7.js                           1.83 kB │ gzip:     0.89 kB
dist/assets/dist-Ctp6U4v-.js                                     1.86 kB │ gzip:     0.82 kB
dist/assets/chunk-YZCP3GAM-CEFTsRGq.js                           1.92 kB │ gzip:     0.86 kB
dist/assets/presentationElementModel-dpij3o3c.js                 1.96 kB │ gzip:     0.85 kB
dist/assets/chunk-XBI2PYTU-D-8CTvW0.js                           2.00 kB │ gzip:     0.76 kB
dist/assets/path-C57rCCYA.js                                     2.07 kB │ gzip:     0.91 kB
dist/assets/demo-fixtures-CPrtOZEW.js                            2.08 kB │ gzip:     1.04 kB
dist/assets/chunk-BSJP7CBP-CmaqOEm3.js                           2.09 kB │ gzip:     0.81 kB
dist/assets/erb-Cjn6JWoZ.js                                      2.13 kB │ gzip:     0.62 kB
dist/assets/erb-Hq1uW82h.js                                      2.13 kB │ gzip:     0.62 kB
dist/assets/wenyan-7wLMN9-o.js                                   2.15 kB │ gzip:     1.08 kB
dist/assets/wenyan-Bkugb8kU.js                                   2.15 kB │ gzip:     1.08 kB
dist/assets/usageStatsUiParts-BqIHXNle.js                        2.20 kB │ gzip:     0.92 kB
dist/assets/jssm-DDjRKXgY.js                                     2.23 kB │ gzip:     0.61 kB
dist/assets/jssm-YjAxwi3J.js                                     2.23 kB │ gzip:     0.61 kB
dist/assets/edge-CHLoPBro.js                                     2.30 kB │ gzip:     0.67 kB
dist/assets/edge-CQp5dtYT.js                                     2.30 kB │ gzip:     0.67 kB
dist/assets/reg-B8zWP6Vt.js                                      2.33 kB │ gzip:     0.69 kB
dist/assets/reg-s419_uSQ.js                                      2.33 kB │ gzip:     0.69 kB
dist/assets/diff-DqyESy-z.js                                     2.56 kB │ gzip:     0.68 kB
dist/assets/diff-qf7hQ1Zh.js                                     2.56 kB │ gzip:     0.68 kB
dist/assets/gleam-Bt6dluYA.js                                    2.57 kB │ gzip:     0.81 kB
dist/assets/gleam-XHmqznpw.js                                    2.57 kB │ gzip:     0.81 kB
dist/assets/hy-CfUiRL5K.js                                       2.64 kB │ gzip:     1.17 kB
dist/assets/hy-me2X8r9x.js                                       2.64 kB │ gzip:     1.17 kB
dist/assets/catmullRom-BxpRG9C9.js                               2.72 kB │ gzip:     0.79 kB
dist/assets/component-BC3YBgCB.js                                2.75 kB │ gzip:     1.18 kB
dist/assets/diagram-5BDNPKRD-BmY5D_PO.js                         2.78 kB │ gzip:     1.35 kB
dist/assets/openscad-BL-RTqRS.js                                 2.81 kB │ gzip:     1.00 kB
dist/assets/openscad-BvqukNoz.js                                 2.81 kB │ gzip:     1.00 kB
dist/assets/log-qQcsi3iZ.js                                      2.84 kB │ gzip:     0.89 kB
dist/assets/log-vWA3Gqfa.js                                      2.84 kB │ gzip:     0.89 kB
dist/assets/json-CHO0PyZK.js                                     2.87 kB │ gzip:     0.81 kB
dist/assets/json-DYtKE6EB.js                                     2.87 kB │ gzip:     0.81 kB
dist/assets/cairo-BZhH2bFb.js                                    2.93 kB │ gzip:     0.80 kB
dist/assets/cairo-vTNan_Xc.js                                    2.93 kB │ gzip:     0.80 kB
dist/assets/berry-Cj0gS1Ew.js                                    2.99 kB │ gzip:     0.80 kB
dist/assets/berry-DjYuumsY.js                                    2.99 kB │ gzip:     0.80 kB
dist/assets/jsonl-CFDvFpcb.js                                    3.00 kB │ gzip:     0.78 kB
dist/assets/jsonl-Dtdm8Cw1.js                                    3.00 kB │ gzip:     0.78 kB
dist/assets/jsonc-BjOGE8Th.js                                    3.10 kB │ gzip:     0.78 kB
dist/assets/jsonc-CmxSavEW.js                                    3.10 kB │ gzip:     0.78 kB
dist/assets/component-PewospOW.js                                3.10 kB │ gzip:     1.42 kB
dist/assets/logo-BGsxGU-C.js                                     3.12 kB │ gzip:     1.46 kB
dist/assets/logo-CVWBUKCV.js                                     3.12 kB │ gzip:     1.46 kB
dist/assets/po-DGWetZlj.js                                       3.23 kB │ gzip:     0.90 kB
dist/assets/po-sNAvnrGN.js                                       3.23 kB │ gzip:     0.90 kB
dist/assets/json5-C_c2T4Wt.js                                    3.24 kB │ gzip:     0.82 kB
dist/assets/json5-DZ8U2okC.js                                    3.24 kB │ gzip:     0.82 kB
dist/assets/officeFilePreview-u47wzUFj.js                        3.24 kB │ gzip:     1.52 kB
dist/assets/mipsasm-D6WRXvbG.js                                  3.25 kB │ gzi